20181202-123710 	 NG 	 NG
20181202-124436 	  10.75 Mbit/s 	  2.18 Mbit/s
20181202-124816 	  9.97 Mbit/s 	  1.97 Mbit/s
20181202-125501 	  3.60 Mbit/s 	  1.49 Mbit/s
20181202-130001 	  3.49 Mbit/s 	  0.41 Mbit/s
20181202-130501 	  7.14 Mbit/s 	  2.03 Mbit/s
20181202-131002 	  5.80 Mbit/s 	  1.36 Mbit/s
20181202-131501 	  7.00 Mbit/s 	  1.68 Mbit/s
20181202-132001 	  10.59 Mbit/s 	  1.45 Mbit/s
20181202-132501 	  8.89 Mbit/s 	  1.64 Mbit/s
20181202-133001 	  5.74 Mbit/s 	  1.86 Mbit/s
20181202-133501 	  4.23 Mbit/s 	  1.67 Mbit/s
20181202-134002 	  7.44 Mbit/s 	  1.83 Mbit/s
20181202-134501 	  10.36 Mbit/s 	  1.40 Mbit/s
20181202-135001 	  6.85 Mbit/s 	  1.69 Mbit/s
20181202-135501 	  6.89 Mbit/s 	  1.82 Mbit/s
20181202-140001 	  9.26 Mbit/s 	  1.67 Mbit/s
20181202-140501 	  3.50 Mbit/s 	  1.46 Mbit/s
20181202-141001 	  5.63 Mbit/s 	  1.75 Mbit/s
20181202-141501 	  5.83 Mbit/s 	  1.86 Mbit/s
20181202-142002 	  8.38 Mbit/s 	  1.99 Mbit/s
20181202-142501 	  1.44 Mbit/s 	  1.79 Mbit/s
20181202-143001 	  9.51 Mbit/s 	  1.62 Mbit/s
20181202-143501 	  10.43 Mbit/s 	  1.63 Mbit/s
20181202-144001 	  9.28 Mbit/s 	  2.05 Mbit/s
20181202-144501 	  7.20 Mbit/s 	  1.99 Mbit/s
20181202-145001 	  7.05 Mbit/s 	  1.95 Mbit/s
20181202-145501 	  7.97 Mbit/s 	  1.61 Mbit/s
20181202-150001 	  9.35 Mbit/s 	  1.94 Mbit/s
20181202-150501 	  5.46 Mbit/s 	  1.83 Mbit/s
20181202-151001 	  6.70 Mbit/s 	  1.86 Mbit/s
20181202-151501 	  6.36 Mbit/s 	  1.65 Mbit/s
20181202-152001 	  9.19 Mbit/s 	  1.82 Mbit/s
20181202-152501 	  6.74 Mbit/s 	  1.85 Mbit/s
20181202-153001 	  5.65 Mbit/s 	  1.41 Mbit/s
20181202-153501 	  6.39 Mbit/s 	  1.59 Mbit/s
20181202-154001 	  9.12 Mbit/s 	  1.89 Mbit/s
20181202-154501 	  7.29 Mbit/s 	  1.79 Mbit/s
20181202-155001 	  6.93 Mbit/s 	  1.90 Mbit/s
20181202-155501 	  9.81 Mbit/s 	  1.78 Mbit/s
20181202-160001 	  10.46 Mbit/s 	  1.23 Mbit/s
20181202-160501 	  3.41 Mbit/s 	  1.99 Mbit/s
20181202-161001 	  9.90 Mbit/s 	  1.26 Mbit/s
20181202-161501 	  8.94 Mbit/s 	  1.65 Mbit/s
20181202-162001 	  7.10 Mbit/s 	  1.89 Mbit/s
20181202-162501 	  5.80 Mbit/s 	  1.93 Mbit/s
20181202-163001 	  9.43 Mbit/s 	  1.94 Mbit/s
20181202-163501 	  6.96 Mbit/s 	  2.03 Mbit/s
20181202-164001 	  10.42 Mbit/s 	  1.44 Mbit/s
20181202-164501 	  7.10 Mbit/s 	  1.91 Mbit/s
20181202-165001 	  10.37 Mbit/s 	  1.43 Mbit/s
20181202-165501 	  9.07 Mbit/s 	  1.66 Mbit/s
20181202-170001 	  9.16 Mbit/s 	  1.06 Mbit/s
20181202-170502 	  10.12 Mbit/s 	  1.39 Mbit/s
20181202-171002 	  5.63 Mbit/s 	  1.56 Mbit/s
20181202-171501 	  9.74 Mbit/s 	  1.91 Mbit/s
20181202-172001 	  9.42 Mbit/s 	  1.81 Mbit/s
20181202-172501 	  8.82 Mbit/s 	  1.70 Mbit/s
20181202-173001 	  3.69 Mbit/s 	  1.44 Mbit/s
20181202-173501 	  1.57 Mbit/s 	  1.98 Mbit/s
20181202-174001 	  8.46 Mbit/s 	  1.66 Mbit/s
20181202-174501 	  9.00 Mbit/s 	  1.89 Mbit/s
20181202-175001 	  10.51 Mbit/s 	  1.56 Mbit/s
20181202-175501 	  6.14 Mbit/s 	  1.95 Mbit/s
20181202-180001 	  5.77 Mbit/s 	  1.89 Mbit/s
20181202-180501 	  3.20 Mbit/s 	  1.52 Mbit/s
20181202-181002 	  7.97 Mbit/s 	  1.90 Mbit/s
20181202-181501 	  6.12 Mbit/s 	  1.48 Mbit/s
20181202-182001 	  1.80 Mbit/s 	  1.69 Mbit/s
20181202-182501 	  8.22 Mbit/s 	  1.64 Mbit/s
20181202-183001 	  5.16 Mbit/s 	  0.96 Mbit/s
20181202-183501 	  4.37 Mbit/s 	  1.87 Mbit/s
20181202-184002 	  7.90 Mbit/s 	  2.01 Mbit/s
20181202-184501 	  10.70 Mbit/s 	  1.12 Mbit/s
20181202-185001 	  7.77 Mbit/s 	  2.06 Mbit/s
20181202-185501 	  4.04 Mbit/s 	  1.87 Mbit/s
20181202-190002 	  8.47 Mbit/s 	  1.62 Mbit/s
20181202-190501 	  10.97 Mbit/s 	  1.37 Mbit/s
20181202-191001 	  8.64 Mbit/s 	  1.66 Mbit/s
20181202-191501 	  6.79 Mbit/s 	  2.05 Mbit/s
20181202-192001 	  10.45 Mbit/s 	  1.53 Mbit/s
20181202-192502 	  7.83 Mbit/s 	  1.76 Mbit/s
20181202-193001 	  9.32 Mbit/s 	  1.72 Mbit/s
20181202-193502 	  5.63 Mbit/s 	  1.89 Mbit/s
20181202-194001 	  8.36 Mbit/s 	  1.38 Mbit/s
20181202-194502 	  10.40 Mbit/s 	  1.45 Mbit/s
20181202-195001 	  7.58 Mbit/s 	  1.73 Mbit/s
20181202-195501 	  10.55 Mbit/s 	  0.96 Mbit/s
20181202-200001 	  7.88 Mbit/s 	  1.90 Mbit/s
20181202-200501 	  5.83 Mbit/s 	  1.66 Mbit/s
20181202-201001 	  5.30 Mbit/s 	  1.91 Mbit/s
20181202-201501 	  8.19 Mbit/s 	  1.71 Mbit/s
20181202-202001 	  4.93 Mbit/s 	  1.59 Mbit/s
20181202-202501 	  8.66 Mbit/s 	  1.39 Mbit/s
20181202-203001 	  10.48 Mbit/s 	  1.17 Mbit/s
20181202-203501 	  6.23 Mbit/s 	  1.76 Mbit/s
20181202-204001 	  8.37 Mbit/s 	  1.56 Mbit/s
20181202-204501 	  8.77 Mbit/s 	  1.63 Mbit/s
20181202-205001 	  5.98 Mbit/s 	  1.70 Mbit/s
20181202-205501 	  10.04 Mbit/s 	  1.50 Mbit/s
20181202-210001 	  8.43 Mbit/s 	  1.83 Mbit/s
20181202-210501 	  6.62 Mbit/s 	  1.78 Mbit/s
20181202-211001 	  6.25 Mbit/s 	  1.99 Mbit/s
20181202-211501 	  5.94 Mbit/s 	  1.63 Mbit/s
20181202-212001 	  9.94 Mbit/s 	  1.23 Mbit/s
20181202-212501 	  10.64 Mbit/s 	  1.14 Mbit/s
20181202-213001 	  4.06 Mbit/s 	  1.72 Mbit/s
20181202-213501 	  10.86 Mbit/s 	  1.70 Mbit/s
20181202-214001 	  4.04 Mbit/s 	  1.44 Mbit/s
20181202-214501 	  5.13 Mbit/s 	  1.65 Mbit/s
20181202-215001 	  5.69 Mbit/s 	  1.89 Mbit/s
20181202-215501 	  7.17 Mbit/s 	  2.07 Mbit/s
20181202-220001 	  6.41 Mbit/s 	  1.83 Mbit/s
20181202-220501 	  10.06 Mbit/s 	  1.39 Mbit/s
20181202-221001 	  8.31 Mbit/s 	  1.85 Mbit/s
20181202-221501 	  7.78 Mbit/s 	  1.82 Mbit/s
20181202-222001 	  7.78 Mbit/s 	  1.80 Mbit/s
20181202-222501 	  4.33 Mbit/s 	  1.16 Mbit/s
20181202-223001 	  6.74 Mbit/s 	  2.28 Mbit/s
20181202-223501 	  6.10 Mbit/s 	  1.86 Mbit/s
20181202-224001 	  0.23 Mbit/s 	  1.98 Mbit/s
20181202-224501 	  10.03 Mbit/s 	  2.04 Mbit/s
20181202-225001 	  5.71 Mbit/s 	  2.00 Mbit/s
20181202-225501 	  4.15 Mbit/s 	  1.65 Mbit/s
20181202-230001 	  9.74 Mbit/s 	  1.57 Mbit/s
20181202-230501 	  7.44 Mbit/s 	  1.83 Mbit/s
20181202-231001 	  6.86 Mbit/s 	  1.94 Mbit/s
20181202-231501 	  4.89 Mbit/s 	  1.76 Mbit/s
20181202-232001 	  7.76 Mbit/s 	  1.44 Mbit/s
20181202-232501 	  6.70 Mbit/s 	  1.67 Mbit/s
20181202-233001 	  6.06 Mbit/s 	  1.70 Mbit/s
20181202-233501 	  8.86 Mbit/s 	  1.01 Mbit/s
20181202-234001 	  8.69 Mbit/s 	  1.50 Mbit/s
20181202-234501 	  4.41 Mbit/s 	  1.66 Mbit/s
20181202-235001 	  9.31 Mbit/s 	  1.42 Mbit/s
20181202-235501 	  10.62 Mbit/s 	  1.25 Mbit/s
20181203-000001 	  9.79 Mbit/s 	  1.13 Mbit/s
20181203-000501 	  10.57 Mbit/s 	  1.27 Mbit/s
20181203-001001 	  10.24 Mbit/s 	  1.55 Mbit/s
20181203-001501 	  9.03 Mbit/s 	  1.64 Mbit/s
20181203-002001 	  8.29 Mbit/s 	  1.97 Mbit/s
20181203-002501 	  6.93 Mbit/s 	  1.44 Mbit/s
20181203-003001 	  7.73 Mbit/s 	  1.63 Mbit/s
20181203-003501 	  4.54 Mbit/s 	  1.37 Mbit/s
20181203-004001 	  6.65 Mbit/s 	  1.55 Mbit/s
20181203-004501 	  8.69 Mbit/s 	  1.60 Mbit/s
20181203-005001 	  3.72 Mbit/s 	  1.18 Mbit/s
20181203-005501 	  8.42 Mbit/s 	  1.79 Mbit/s
20181203-010001 	  5.73 Mbit/s 	  1.43 Mbit/s
20181203-010501 	  3.30 Mbit/s 	  0.51 Mbit/s
20181203-011001 	  4.18 Mbit/s 	  1.55 Mbit/s
20181203-011501 	  9.94 Mbit/s 	  1.22 Mbit/s
20181203-012001 	  7.67 Mbit/s 	  1.90 Mbit/s
20181203-012501 	  7.65 Mbit/s 	  1.74 Mbit/s
20181203-013001 	  4.18 Mbit/s 	  1.22 Mbit/s
20181203-013501 	  7.02 Mbit/s 	  1.77 Mbit/s
20181203-014001 	  7.97 Mbit/s 	  1.60 Mbit/s
20181203-014501 	  10.26 Mbit/s 	  1.57 Mbit/s
20181203-015001 	  4.59 Mbit/s 	  1.74 Mbit/s
20181203-015501 	  6.29 Mbit/s 	  1.78 Mbit/s
20181203-020001 	  9.01 Mbit/s 	  1.96 Mbit/s
20181203-020501 	  7.42 Mbit/s 	  1.53 Mbit/s
20181203-021001 	  5.83 Mbit/s 	  1.95 Mbit/s
20181203-021501 	  9.82 Mbit/s 	  1.68 Mbit/s
20181203-022001 	  7.91 Mbit/s 	  1.79 Mbit/s
20181203-022501 	  7.36 Mbit/s 	  1.09 Mbit/s
20181203-023001 	  10.22 Mbit/s 	  1.42 Mbit/s
20181203-023501 	  4.10 Mbit/s 	  1.99 Mbit/s
20181203-024001 	  8.38 Mbit/s 	  2.11 Mbit/s
20181203-024501 	  9.90 Mbit/s 	  1.91 Mbit/s
20181203-025001 	  8.03 Mbit/s 	  1.93 Mbit/s
20181203-025501 	  10.59 Mbit/s 	  1.53 Mbit/s
20181203-030001 	  7.13 Mbit/s 	  1.91 Mbit/s
20181203-030501 	  10.66 Mbit/s 	  1.40 Mbit/s
20181203-031001 	  8.04 Mbit/s 	  2.04 Mbit/s
20181203-031501 	  4.93 Mbit/s 	  1.56 Mbit/s
20181203-032001 	  8.64 Mbit/s 	  1.85 Mbit/s
20181203-032501 	  11.01 Mbit/s 	  1.30 Mbit/s
20181203-033001 	  5.00 Mbit/s 	  1.73 Mbit/s
20181203-033501 	  9.80 Mbit/s 	  1.58 Mbit/s
20181203-034001 	  7.09 Mbit/s 	  1.96 Mbit/s
20181203-034502 	  5.95 Mbit/s 	  2.03 Mbit/s
20181203-035001 	  7.88 Mbit/s 	  2.06 Mbit/s
20181203-035501 	  6.23 Mbit/s 	  1.76 Mbit/s
20181203-040002 	  5.99 Mbit/s 	  1.92 Mbit/s
20181203-040501 	  9.37 Mbit/s 	  1.64 Mbit/s
20181203-041001 	  5.76 Mbit/s 	  2.09 Mbit/s
20181203-041501 	  6.33 Mbit/s 	  1.83 Mbit/s
20181203-042001 	  8.54 Mbit/s 	  1.98 Mbit/s
20181203-042501 	  10.85 Mbit/s 	  1.62 Mbit/s
20181203-043001 	  3.74 Mbit/s 	  1.62 Mbit/s
20181203-043501 	  6.49 Mbit/s 	  2.08 Mbit/s
20181203-044001 	  6.93 Mbit/s 	  1.85 Mbit/s
20181203-044501 	  11.35 Mbit/s 	  1.69 Mbit/s
20181203-045001 	  5.54 Mbit/s 	  2.07 Mbit/s
20181203-045501 	  8.58 Mbit/s 	  1.25 Mbit/s
20181203-050001 	  6.90 Mbit/s 	  1.71 Mbit/s
20181203-050501 	  5.78 Mbit/s 	  1.61 Mbit/s
20181203-051001 	  4.67 Mbit/s 	  1.82 Mbit/s
20181203-051501 	  8.64 Mbit/s 	  1.65 Mbit/s
20181203-052001 	  7.47 Mbit/s 	  1.80 Mbit/s
20181203-052501 	  6.32 Mbit/s 	  1.83 Mbit/s
20181203-053001 	  2.82 Mbit/s 	  1.46 Mbit/s
20181203-053501 	  10.95 Mbit/s 	  1.23 Mbit/s
20181203-054001 	  8.52 Mbit/s 	  1.81 Mbit/s
20181203-054501 	  7.15 Mbit/s 	  1.98 Mbit/s
20181203-055001 	  8.62 Mbit/s 	  1.85 Mbit/s
20181203-055501 	  9.30 Mbit/s 	  1.58 Mbit/s
20181203-060001 	  8.33 Mbit/s 	  1.92 Mbit/s
20181203-060501 	  7.17 Mbit/s 	  1.77 Mbit/s
20181203-061001 	  1.24 Mbit/s 	  2.07 Mbit/s
20181203-061501 	  7.48 Mbit/s 	  1.69 Mbit/s
20181203-062001 	  5.45 Mbit/s 	  2.01 Mbit/s
20181203-062501 	  10.87 Mbit/s 	  1.57 Mbit/s
20181203-063001 	  4.25 Mbit/s 	  1.82 Mbit/s
20181203-063501 	  3.93 Mbit/s 	  1.76 Mbit/s
20181203-064001 	  7.58 Mbit/s 	  1.97 Mbit/s
20181203-064502 	  7.54 Mbit/s 	  1.75 Mbit/s
20181203-065002 	  7.54 Mbit/s 	  1.84 Mbit/s
20181203-065501 	  8.24 Mbit/s 	  1.61 Mbit/s
20181203-070001 	  5.32 Mbit/s 	  1.79 Mbit/s
20181203-070501 	  6.16 Mbit/s 	  2.01 Mbit/s
20181203-071001 	  5.09 Mbit/s 	  1.59 Mbit/s
20181203-071501 	  7.23 Mbit/s 	  1.83 Mbit/s
20181203-072002 	  8.04 Mbit/s 	  1.60 Mbit/s
20181203-072501 	  11.22 Mbit/s 	  1.20 Mbit/s
20181203-073001 	  7.50 Mbit/s 	  1.97 Mbit/s
20181203-073501 	  10.33 Mbit/s 	  1.40 Mbit/s
20181203-074001 	  5.15 Mbit/s 	  1.96 Mbit/s
20181203-074501 	  10.85 Mbit/s 	  1.53 Mbit/s
20181203-075001 	  5.52 Mbit/s 	  1.78 Mbit/s
20181203-075501 	  8.12 Mbit/s 	  2.05 Mbit/s
20181203-080001 	  9.03 Mbit/s 	  1.58 Mbit/s
20181203-080501 	  10.63 Mbit/s 	  1.66 Mbit/s
20181203-081001 	  4.27 Mbit/s 	  1.43 Mbit/s
20181203-081501 	  4.92 Mbit/s 	  1.81 Mbit/s
20181203-082001 	  4.06 Mbit/s 	  1.83 Mbit/s
20181203-082501 	  8.82 Mbit/s 	  1.66 Mbit/s
20181203-083001 	  9.00 Mbit/s 	  1.84 Mbit/s
20181203-083501 	  5.43 Mbit/s 	  1.79 Mbit/s
20181203-084001 	  7.88 Mbit/s 	  1.80 Mbit/s
20181203-084501 	  7.15 Mbit/s 	  1.78 Mbit/s
20181203-085001 	  9.18 Mbit/s 	  1.64 Mbit/s
20181203-085501 	  9.88 Mbit/s 	  1.49 Mbit/s
20181203-090001 	  11.03 Mbit/s 	  1.28 Mbit/s
20181203-090502 	  7.09 Mbit/s 	  1.89 Mbit/s
20181203-091001 	  8.31 Mbit/s 	  1.91 Mbit/s
20181203-091501 	  7.16 Mbit/s 	  1.93 Mbit/s
20181203-092001 	  9.36 Mbit/s 	  0.72 Mbit/s
20181203-092501 	  7.24 Mbit/s 	  1.85 Mbit/s
20181203-093001 	  6.15 Mbit/s 	  1.79 Mbit/s
20181203-093501 	  6.53 Mbit/s 	  2.03 Mbit/s
20181203-094001 	  4.56 Mbit/s 	  2.08 Mbit/s
20181203-094501 	  3.45 Mbit/s 	  1.82 Mbit/s
20181203-095001 	  5.99 Mbit/s 	  1.78 Mbit/s
20181203-095501 	  6.49 Mbit/s 	  1.89 Mbit/s
20181203-100001 	  5.98 Mbit/s 	  1.71 Mbit/s
20181203-100501 	  5.06 Mbit/s 	  1.27 Mbit/s
20181203-101002 	  8.09 Mbit/s 	  1.80 Mbit/s
20181203-101501 	  5.48 Mbit/s 	  2.11 Mbit/s
20181203-102001 	  7.77 Mbit/s 	  1.69 Mbit/s
20181203-102501 	  5.63 Mbit/s 	  1.76 Mbit/s
20181203-103001 	  9.10 Mbit/s 	  2.16 Mbit/s
20181203-103501 	  4.86 Mbit/s 	  2.09 Mbit/s
20181203-104001 	  5.97 Mbit/s 	  1.59 Mbit/s
20181203-104501 	  8.90 Mbit/s 	  2.02 Mbit/s
20181203-105001 	  8.52 Mbit/s 	  1.81 Mbit/s
20181203-105501 	  5.97 Mbit/s 	  2.04 Mbit/s
20181203-110001 	  7.40 Mbit/s 	  1.76 Mbit/s
20181203-110501 	  5.62 Mbit/s 	  1.63 Mbit/s
20181203-111001 	  9.55 Mbit/s 	  1.51 Mbit/s
20181203-111501 	  10.48 Mbit/s 	  1.59 Mbit/s
20181203-112001 	  8.92 Mbit/s 	  1.51 Mbit/s
20181203-112501 	  5.90 Mbit/s 	  1.75 Mbit/s
20181203-113001 	  6.20 Mbit/s 	  1.62 Mbit/s
20181203-113501 	  4.40 Mbit/s 	  1.98 Mbit/s
20181203-114001 	  7.28 Mbit/s 	  1.65 Mbit/s
20181203-114501 	  7.75 Mbit/s 	  1.59 Mbit/s
20181203-115001 	  5.26 Mbit/s 	  1.72 Mbit/s
20181203-115501 	  5.74 Mbit/s 	  1.67 Mbit/s
20181203-120001 	  8.63 Mbit/s 	  1.89 Mbit/s
20181203-120501 	  10.43 Mbit/s 	  1.12 Mbit/s
20181203-121002 	  6.74 Mbit/s 	  1.98 Mbit/s
20181203-121501 	  8.95 Mbit/s 	  1.48 Mbit/s
20181203-122001 	  5.55 Mbit/s 	  2.03 Mbit/s
20181203-122501 	  5.13 Mbit/s 	  1.97 Mbit/s
20181203-123001 	  8.47 Mbit/s 	  2.05 Mbit/s
20181203-123501 	  11.43 Mbit/s 	  0.98 Mbit/s
20181203-124001 	  8.99 Mbit/s 	  1.89 Mbit/s
20181203-124501 	  8.80 Mbit/s 	  1.47 Mbit/s
20181203-125001 	  8.00 Mbit/s 	  1.78 Mbit/s
20181203-125501 	  7.34 Mbit/s 	  1.85 Mbit/s
20181203-130001 	  6.21 Mbit/s 	  1.66 Mbit/s
20181203-130501 	  4.82 Mbit/s 	  1.71 Mbit/s
20181203-131001 	  6.22 Mbit/s 	  1.73 Mbit/s
20181203-131501 	  8.04 Mbit/s 	  1.89 Mbit/s
20181203-132001 	  8.15 Mbit/s 	  1.50 Mbit/s
20181203-132501 	  5.29 Mbit/s 	  2.04 Mbit/s
20181203-133001 	  9.30 Mbit/s 	  2.01 Mbit/s
20181203-133501 	  10.00 Mbit/s 	  1.41 Mbit/s
20181203-134001 	  9.25 Mbit/s 	  1.67 Mbit/s
20181203-134501 	  4.31 Mbit/s 	  1.58 Mbit/s
20181203-135001 	  7.42 Mbit/s 	  1.87 Mbit/s
20181203-135501 	  9.27 Mbit/s 	  1.61 Mbit/s
20181203-140001 	  7.02 Mbit/s 	  2.01 Mbit/s
20181203-140501 	  5.59 Mbit/s 	  1.86 Mbit/s
20181203-141001 	  4.97 Mbit/s 	  1.53 Mbit/s
20181203-141501 	  7.14 Mbit/s 	  2.00 Mbit/s
20181203-142001 	  9.40 Mbit/s 	  1.38 Mbit/s
20181203-142501 	  3.80 Mbit/s 	  1.77 Mbit/s
20181203-143001 	  9.40 Mbit/s 	  1.90 Mbit/s
20181203-143501 	  5.88 Mbit/s 	  1.90 Mbit/s
20181203-144002 	  9.07 Mbit/s 	  1.83 Mbit/s
20181203-144501 	  6.50 Mbit/s 	  2.02 Mbit/s
20181203-145001 	  7.76 Mbit/s 	  1.85 Mbit/s
20181203-145501 	  5.31 Mbit/s 	  1.88 Mbit/s
20181203-150001 	  7.95 Mbit/s 	  1.59 Mbit/s
20181203-150501 	  2.98 Mbit/s 	  1.95 Mbit/s
20181203-151001 	  8.82 Mbit/s 	  1.66 Mbit/s
20181203-151501 	  7.02 Mbit/s 	  2.04 Mbit/s
20181203-152001 	  7.20 Mbit/s 	  1.65 Mbit/s
20181203-152501 	  10.97 Mbit/s 	  1.15 Mbit/s
20181203-153001 	  6.78 Mbit/s 	  1.96 Mbit/s
20181203-153501 	  10.67 Mbit/s 	  1.51 Mbit/s
20181203-154001 	  6.89 Mbit/s 	  1.92 Mbit/s
20181203-154501 	  6.84 Mbit/s 	  1.71 Mbit/s
20181203-155001 	  8.13 Mbit/s 	  1.83 Mbit/s
20181203-155501 	  10.29 Mbit/s 	  1.45 Mbit/s
20181203-160001 	  9.40 Mbit/s 	  1.82 Mbit/s
20181203-160501 	  5.39 Mbit/s 	  1.80 Mbit/s
20181203-161001 	  7.24 Mbit/s 	  1.92 Mbit/s
20181203-161501 	  8.27 Mbit/s 	  1.38 Mbit/s
20181203-162001 	  8.30 Mbit/s 	  1.79 Mbit/s
20181203-162501 	  7.27 Mbit/s 	  1.71 Mbit/s
20181203-163001 	  9.89 Mbit/s 	  1.76 Mbit/s
20181203-163501 	  9.02 Mbit/s 	  1.72 Mbit/s
20181203-164001 	  6.03 Mbit/s 	  1.98 Mbit/s
20181203-164501 	  10.37 Mbit/s 	  1.53 Mbit/s
20181203-165001 	  7.08 Mbit/s 	  1.96 Mbit/s
20181203-165502 	  7.81 Mbit/s 	  1.48 Mbit/s
20181203-170001 	  8.94 Mbit/s 	  1.70 Mbit/s
20181203-170501 	  2.86 Mbit/s 	  2.07 Mbit/s
20181203-171001 	  9.49 Mbit/s 	  1.65 Mbit/s
20181203-171501 	  8.49 Mbit/s 	  1.92 Mbit/s
20181203-172001 	  8.92 Mbit/s 	  1.76 Mbit/s
20181203-172501 	  8.98 Mbit/s 	  1.46 Mbit/s
20181203-173001 	  10.76 Mbit/s 	  1.62 Mbit/s
20181203-173501 	  4.35 Mbit/s 	  0.58 Mbit/s
20181203-174001 	  5.79 Mbit/s 	  1.57 Mbit/s
20181203-174502 	  6.43 Mbit/s 	  1.58 Mbit/s
20181203-175001 	  7.84 Mbit/s 	  1.51 Mbit/s
20181203-175501 	  9.80 Mbit/s 	  1.61 Mbit/s
20181203-180001 	  6.52 Mbit/s 	  0.74 Mbit/s
20181203-180501 	  3.19 Mbit/s 	  1.70 Mbit/s
20181203-181001 	  6.93 Mbit/s 	  2.01 Mbit/s
20181203-181501 	  1.89 Mbit/s 	  1.60 Mbit/s
20181203-182001 	  8.27 Mbit/s 	  2.10 Mbit/s
20181203-182501 	  9.95 Mbit/s 	  2.05 Mbit/s
20181203-183002 	  8.14 Mbit/s 	  1.95 Mbit/s
20181203-183501 	  10.57 Mbit/s 	  1.50 Mbit/s
20181203-184001 	  8.67 Mbit/s 	  1.32 Mbit/s
20181203-184501 	  8.28 Mbit/s 	  1.68 Mbit/s
20181203-185001 	  3.14 Mbit/s 	  1.83 Mbit/s
20181203-185501 	  7.24 Mbit/s 	  1.49 Mbit/s
20181203-190001 	  6.75 Mbit/s 	  1.77 Mbit/s
20181203-190501 	  8.51 Mbit/s 	  1.77 Mbit/s
20181203-191001 	  5.34 Mbit/s 	  2.04 Mbit/s
20181203-191501 	  9.91 Mbit/s 	  1.27 Mbit/s
20181203-192001 	  6.38 Mbit/s 	  1.77 Mbit/s
20181203-192501 	  8.51 Mbit/s 	  1.55 Mbit/s
20181203-193001 	  9.73 Mbit/s 	  1.31 Mbit/s
20181203-193501 	  9.50 Mbit/s 	  1.62 Mbit/s
20181203-194001 	  7.26 Mbit/s 	  2.10 Mbit/s
20181203-194501 	  6.30 Mbit/s 	  1.76 Mbit/s
20181203-195001 	  7.55 Mbit/s 	  1.86 Mbit/s
20181203-195501 	  4.61 Mbit/s 	  1.83 Mbit/s
20181203-200001 	  5.75 Mbit/s 	  1.46 Mbit/s
20181203-200501 	  1.35 Mbit/s 	  1.94 Mbit/s
20181203-201001 	  7.04 Mbit/s 	  1.80 Mbit/s
20181203-201501 	  8.43 Mbit/s 	  1.59 Mbit/s
20181203-202001 	  8.54 Mbit/s 	  1.79 Mbit/s
20181203-202501 	  2.94 Mbit/s 	  1.92 Mbit/s
20181203-203001 	  8.27 Mbit/s 	  1.69 Mbit/s
20181203-203501 	  7.82 Mbit/s 	  1.51 Mbit/s
20181203-204001 	  6.22 Mbit/s 	  1.57 Mbit/s
20181203-204501 	  5.96 Mbit/s 	  2.07 Mbit/s
20181203-205001 	  4.49 Mbit/s 	  1.76 Mbit/s
20181203-205502 	  10.68 Mbit/s 	  1.26 Mbit/s
20181203-210002 	  6.54 Mbit/s 	  1.79 Mbit/s
20181203-210501 	  4.66 Mbit/s 	  1.70 Mbit/s
20181203-211001 	  4.65 Mbit/s 	  1.64 Mbit/s
20181203-211501 	  8.10 Mbit/s 	  1.86 Mbit/s
20181203-212001 	  7.72 Mbit/s 	  1.33 Mbit/s
20181203-212501 	  8.79 Mbit/s 	  1.58 Mbit/s
20181203-213001 	  9.79 Mbit/s 	  1.42 Mbit/s
20181203-213501 	  4.77 Mbit/s 	  1.62 Mbit/s
20181203-214001 	  9.03 Mbit/s 	  1.71 Mbit/s
20181203-214501 	  3.02 Mbit/s 	  1.79 Mbit/s
20181203-215001 	  5.14 Mbit/s 	  1.92 Mbit/s
20181203-215501 	  6.77 Mbit/s 	  1.14 Mbit/s
20181203-220001 	  5.07 Mbit/s 	  1.41 Mbit/s
20181203-220501 	  7.63 Mbit/s 	  1.90 Mbit/s
20181203-221002 	  5.55 Mbit/s 	  1.76 Mbit/s
20181203-221501 	  9.65 Mbit/s 	  1.62 Mbit/s
20181203-222001 	  7.41 Mbit/s 	  1.27 Mbit/s
20181203-222501 	  9.22 Mbit/s 	  1.50 Mbit/s
20181203-223001 	  4.26 Mbit/s 	  1.81 Mbit/s
20181203-223501 	  7.35 Mbit/s 	  1.86 Mbit/s
20181203-224001 	  6.72 Mbit/s 	  1.69 Mbit/s
20181203-224501 	  3.64 Mbit/s 	  1.99 Mbit/s
20181203-225001 	  7.19 Mbit/s 	  1.85 Mbit/s
20181203-225501 	  4.71 Mbit/s 	  1.87 Mbit/s
20181203-230001 	  1.12 Mbit/s 	  1.35 Mbit/s
20181203-230501 	  10.40 Mbit/s 	  1.44 Mbit/s
20181203-231001 	  5.07 Mbit/s 	  2.09 Mbit/s
20181203-231501 	  2.35 Mbit/s 	  1.52 Mbit/s
20181203-232001 	  6.52 Mbit/s 	  1.72 Mbit/s
20181203-232501 	  7.37 Mbit/s 	  1.52 Mbit/s
20181203-233001 	  6.56 Mbit/s 	  1.73 Mbit/s
20181203-233501 	  7.79 Mbit/s 	  1.44 Mbit/s
20181203-234001 	  8.34 Mbit/s 	  1.82 Mbit/s
20181203-234501 	  8.14 Mbit/s 	  1.86 Mbit/s
20181203-235001 	  8.68 Mbit/s 	  1.81 Mbit/s
20181203-235501 	  4.99 Mbit/s 	  1.51 Mbit/s
20181204-000001 	  10.21 Mbit/s 	  1.03 Mbit/s
20181204-000501 	  9.90 Mbit/s 	  1.36 Mbit/s
20181204-001001 	  6.07 Mbit/s 	  1.94 Mbit/s
20181204-001502 	  8.90 Mbit/s 	  1.72 Mbit/s
20181204-002001 	  7.91 Mbit/s 	  1.39 Mbit/s
20181204-002501 	  8.59 Mbit/s 	  1.62 Mbit/s
20181204-003001 	  8.22 Mbit/s 	  1.78 Mbit/s
20181204-003501 	  9.91 Mbit/s 	  1.18 Mbit/s
20181204-004001 	  9.84 Mbit/s 	  1.64 Mbit/s
20181204-004501 	  8.99 Mbit/s 	  1.52 Mbit/s
20181204-005001 	  9.08 Mbit/s 	  1.77 Mbit/s
20181204-005501 	  8.00 Mbit/s 	  1.99 Mbit/s
20181204-010001 	  5.18 Mbit/s 	  1.38 Mbit/s
20181204-010501 	  8.03 Mbit/s 	  1.80 Mbit/s
20181204-011001 	  6.38 Mbit/s 	  1.69 Mbit/s
20181204-011501 	  10.42 Mbit/s 	  1.32 Mbit/s
20181204-012001 	  8.76 Mbit/s 	  1.88 Mbit/s
20181204-012501 	  2.03 Mbit/s 	  1.99 Mbit/s
20181204-013001 	  6.96 Mbit/s 	  1.57 Mbit/s
20181204-013501 	  3.12 Mbit/s 	  1.67 Mbit/s
20181204-014001 	  8.24 Mbit/s 	  2.26 Mbit/s
20181204-014501 	  8.15 Mbit/s 	  1.60 Mbit/s
20181204-015001 	  8.88 Mbit/s 	  1.57 Mbit/s
20181204-015501 	  7.30 Mbit/s 	  1.49 Mbit/s
20181204-020001 	  7.27 Mbit/s 	  1.19 Mbit/s
20181204-020501 	  5.79 Mbit/s 	  1.79 Mbit/s
20181204-021001 	  4.29 Mbit/s 	  1.96 Mbit/s
20181204-021501 	  3.96 Mbit/s 	  1.44 Mbit/s
20181204-022001 	  7.01 Mbit/s 	  2.04 Mbit/s
20181204-022501 	  8.33 Mbit/s 	  1.40 Mbit/s
20181204-023001 	  9.19 Mbit/s 	  1.78 Mbit/s
20181204-023501 	  5.03 Mbit/s 	  1.56 Mbit/s
20181204-024001 	  10.99 Mbit/s 	  1.52 Mbit/s
20181204-024501 	  9.72 Mbit/s 	  1.64 Mbit/s
20181204-025001 	  7.87 Mbit/s 	  1.94 Mbit/s
20181204-025501 	  5.72 Mbit/s 	  2.01 Mbit/s
20181204-030001 	  6.53 Mbit/s 	  1.63 Mbit/s
20181204-030502 	  10.91 Mbit/s 	  1.47 Mbit/s
20181204-031001 	  7.39 Mbit/s 	  2.07 Mbit/s
20181204-031501 	  7.71 Mbit/s 	  1.61 Mbit/s
20181204-032001 	  5.06 Mbit/s 	  2.10 Mbit/s
20181204-032501 	  8.43 Mbit/s 	  1.75 Mbit/s
20181204-033001 	  8.63 Mbit/s 	  1.94 Mbit/s
20181204-033501 	  6.12 Mbit/s 	  1.96 Mbit/s
20181204-034001 	  7.19 Mbit/s 	  1.80 Mbit/s
20181204-034501 	  6.37 Mbit/s 	  1.97 Mbit/s
20181204-035001 	  6.60 Mbit/s 	  1.91 Mbit/s
20181204-035501 	  9.62 Mbit/s 	  1.67 Mbit/s
20181204-040001 	  9.08 Mbit/s 	  1.70 Mbit/s
20181204-040501 	  11.17 Mbit/s 	  1.17 Mbit/s
20181204-041001 	  8.64 Mbit/s 	  1.96 Mbit/s
20181204-041501 	  5.15 Mbit/s 	  1.86 Mbit/s
20181204-042001 	  7.57 Mbit/s 	  1.85 Mbit/s
20181204-042501 	  6.33 Mbit/s 	  1.83 Mbit/s
20181204-043002 	  5.22 Mbit/s 	  1.82 Mbit/s
20181204-043502 	  10.83 Mbit/s 	  1.60 Mbit/s
20181204-044001 	  4.13 Mbit/s 	  1.94 Mbit/s
20181204-044501 	  6.39 Mbit/s 	  1.93 Mbit/s
20181204-045001 	  2.42 Mbit/s 	  2.02 Mbit/s
20181204-045501 	  10.73 Mbit/s 	  1.44 Mbit/s
20181204-050001 	  6.22 Mbit/s 	  1.80 Mbit/s
20181204-050501 	  4.59 Mbit/s 	  1.98 Mbit/s
20181204-051001 	  7.54 Mbit/s 	  1.80 Mbit/s
20181204-051501 	  4.86 Mbit/s 	  2.04 Mbit/s
20181204-052001 	  5.82 Mbit/s 	  1.85 Mbit/s
20181204-052501 	  6.78 Mbit/s 	  1.81 Mbit/s
20181204-053001 	  10.32 Mbit/s 	  1.56 Mbit/s
20181204-053501 	  10.91 Mbit/s 	  1.38 Mbit/s
20181204-054001 	  6.67 Mbit/s 	  1.84 Mbit/s
20181204-054501 	  10.19 Mbit/s 	  1.63 Mbit/s
20181204-055001 	  5.90 Mbit/s 	  1.81 Mbit/s
20181204-055501 	  9.06 Mbit/s 	  1.56 Mbit/s
20181204-060001 	  8.69 Mbit/s 	  1.98 Mbit/s
20181204-060501 	  6.15 Mbit/s 	  1.81 Mbit/s
20181204-061001 	  5.71 Mbit/s 	  1.96 Mbit/s
20181204-061501 	  5.91 Mbit/s 	  1.57 Mbit/s
20181204-062001 	  6.41 Mbit/s 	  1.54 Mbit/s
20181204-062502 	  11.01 Mbit/s 	  1.17 Mbit/s
20181204-063001 	  9.56 Mbit/s 	  1.90 Mbit/s
20181204-063501 	  5.42 Mbit/s 	  2.08 Mbit/s
20181204-064001 	  10.29 Mbit/s 	  1.52 Mbit/s
20181204-064501 	  7.34 Mbit/s 	  2.03 Mbit/s
20181204-065001 	  6.30 Mbit/s 	  1.86 Mbit/s
20181204-065501 	  5.00 Mbit/s 	  1.86 Mbit/s
20181204-070001 	  6.30 Mbit/s 	  1.67 Mbit/s
20181204-070501 	  8.12 Mbit/s 	  1.77 Mbit/s
20181204-071001 	  4.89 Mbit/s 	  1.92 Mbit/s
20181204-071501 	  8.50 Mbit/s 	  1.84 Mbit/s
20181204-072001 	  6.05 Mbit/s 	  1.82 Mbit/s
20181204-072501 	  9.93 Mbit/s 	  1.46 Mbit/s
20181204-073002 	  10.51 Mbit/s 	  1.50 Mbit/s
20181204-073501 	  8.58 Mbit/s 	  1.64 Mbit/s
20181204-074001 	  3.96 Mbit/s 	  2.15 Mbit/s
20181204-074501 	  8.11 Mbit/s 	  1.88 Mbit/s
20181204-075001 	  3.96 Mbit/s 	  1.35 Mbit/s
20181204-075501 	  10.25 Mbit/s 	  1.44 Mbit/s
20181204-080001 	  8.92 Mbit/s 	  1.52 Mbit/s
20181204-080501 	  4.86 Mbit/s 	  1.77 Mbit/s
20181204-081001 	  7.73 Mbit/s 	  1.97 Mbit/s
20181204-081502 	  8.51 Mbit/s 	  1.59 Mbit/s
20181204-082001 	  6.50 Mbit/s 	  1.97 Mbit/s
20181204-082501 	  6.95 Mbit/s 	  0.93 Mbit/s
20181204-083001 	  6.71 Mbit/s 	  1.77 Mbit/s
20181204-083501 	  11.01 Mbit/s 	  1.64 Mbit/s
20181204-084001 	  6.50 Mbit/s 	  1.91 Mbit/s
20181204-084502 	  3.80 Mbit/s 	  1.71 Mbit/s
20181204-085001 	  6.03 Mbit/s 	  0.77 Mbit/s
20181204-085501 	  7.90 Mbit/s 	  1.59 Mbit/s
20181204-090001 	  7.83 Mbit/s 	  1.10 Mbit/s
20181204-090501 	  10.44 Mbit/s 	  1.01 Mbit/s
20181204-091001 	  5.59 Mbit/s 	  1.58 Mbit/s
20181204-091501 	  10.09 Mbit/s 	  1.84 Mbit/s
20181204-092002 	  4.75 Mbit/s 	  1.93 Mbit/s
20181204-092501 	  9.54 Mbit/s 	  1.68 Mbit/s
20181204-093001 	  6.35 Mbit/s 	  1.76 Mbit/s
20181204-093501 	  10.87 Mbit/s 	  1.54 Mbit/s
20181204-094001 	  10.78 Mbit/s 	  1.38 Mbit/s
20181204-094501 	  10.71 Mbit/s 	  0.94 Mbit/s
20181204-095001 	  2.95 Mbit/s 	  0.96 Mbit/s
20181204-095501 	 NG 	 NG
20181204-100001 	  1.67 Mbit/s 	  0.68 Mbit/s
20181204-100501 	  8.37 Mbit/s 	  1.67 Mbit/s
20181204-101001 	  5.43 Mbit/s 	  1.70 Mbit/s
20181204-101501 	  8.02 Mbit/s 	  1.67 Mbit/s
20181204-102001 	  7.54 Mbit/s 	  1.47 Mbit/s
20181204-102501 	  10.77 Mbit/s 	  1.40 Mbit/s
20181204-103001 	  8.55 Mbit/s 	  1.80 Mbit/s
20181204-103501 	  8.57 Mbit/s 	  1.53 Mbit/s
20181204-104001 	  6.76 Mbit/s 	  1.54 Mbit/s
20181204-104501 	  4.56 Mbit/s 	  1.20 Mbit/s
20181204-105001 	  7.06 Mbit/s 	  1.92 Mbit/s
20181204-105501 	  6.23 Mbit/s 	  1.89 Mbit/s
20181204-110001 	  5.63 Mbit/s 	  1.75 Mbit/s
20181204-110501 	  8.23 Mbit/s 	  1.60 Mbit/s
20181204-111001 	  5.92 Mbit/s 	  1.80 Mbit/s
20181204-111501 	  2.16 Mbit/s 	  0.63 Mbit/s
20181204-112001 	  4.90 Mbit/s 	  1.88 Mbit/s
20181204-112501 	 NG 	 NG
20181204-113001 	 NG 	 NG
20181204-113501 	  7.04 Mbit/s 	  1.57 Mbit/s
20181204-114001 	  9.80 Mbit/s 	  1.62 Mbit/s
20181204-114501 	  11.10 Mbit/s 	  1.64 Mbit/s
20181204-115001 	  8.47 Mbit/s 	  1.80 Mbit/s
20181204-115501 	  7.60 Mbit/s 	  1.58 Mbit/s
20181204-120001 	  8.98 Mbit/s 	  1.71 Mbit/s
20181204-120501 	  4.30 Mbit/s 	  1.80 Mbit/s
20181204-121001 	  8.21 Mbit/s 	  1.80 Mbit/s
20181204-121501 	  8.22 Mbit/s 	  1.98 Mbit/s
20181204-122001 	  6.49 Mbit/s 	  1.34 Mbit/s
20181204-122501 	  8.42 Mbit/s 	  1.78 Mbit/s
20181204-123001 	  9.61 Mbit/s 	  2.07 Mbit/s
20181204-123501 	  5.08 Mbit/s 	  1.95 Mbit/s
20181204-124001 	  9.07 Mbit/s 	  1.52 Mbit/s
20181204-124501 	  4.77 Mbit/s 	  1.80 Mbit/s
20181204-125001 	  8.11 Mbit/s 	  2.13 Mbit/s
20181204-125501 	  10.46 Mbit/s 	  1.41 Mbit/s
20181204-130001 	  8.31 Mbit/s 	  1.66 Mbit/s
20181204-130501 	  10.93 Mbit/s 	  1.23 Mbit/s
20181204-131001 	  8.54 Mbit/s 	  1.55 Mbit/s
20181204-131501 	  9.34 Mbit/s 	  1.56 Mbit/s
20181204-132001 	  7.62 Mbit/s 	  1.66 Mbit/s
20181204-132501 	  3.90 Mbit/s 	  1.73 Mbit/s
20181204-133001 	  8.28 Mbit/s 	  1.81 Mbit/s
20181204-133501 	  6.39 Mbit/s 	  1.73 Mbit/s
20181204-134001 	  9.28 Mbit/s 	  2.09 Mbit/s
20181204-134501 	  9.77 Mbit/s 	  1.53 Mbit/s
20181204-135001 	  10.29 Mbit/s 	  1.43 Mbit/s
20181204-135501 	  10.73 Mbit/s 	  1.57 Mbit/s
20181204-140001 	  3.94 Mbit/s 	  1.71 Mbit/s
20181204-140501 	  3.55 Mbit/s 	  1.87 Mbit/s
20181204-141001 	  8.29 Mbit/s 	  1.72 Mbit/s
20181204-141501 	  6.64 Mbit/s 	  1.95 Mbit/s
20181204-142001 	  2.46 Mbit/s 	  1.94 Mbit/s
20181204-142501 	  10.78 Mbit/s 	  1.31 Mbit/s
20181204-143001 	  5.50 Mbit/s 	  1.92 Mbit/s
20181204-143501 	  8.65 Mbit/s 	  1.81 Mbit/s
20181204-144001 	  9.98 Mbit/s 	  1.97 Mbit/s
20181204-144501 	  7.94 Mbit/s 	  1.39 Mbit/s
20181204-145001 	  7.88 Mbit/s 	  2.07 Mbit/s
20181204-145501 	  3.94 Mbit/s 	  1.47 Mbit/s
20181204-150001 	  9.91 Mbit/s 	  1.59 Mbit/s
20181204-150501 	  10.35 Mbit/s 	  1.44 Mbit/s
20181204-151001 	  7.71 Mbit/s 	  1.46 Mbit/s
20181204-151501 	  9.93 Mbit/s 	  1.99 Mbit/s
20181204-152001 	  10.45 Mbit/s 	  1.54 Mbit/s
20181204-152501 	  9.30 Mbit/s 	  1.76 Mbit/s
20181204-153001 	  1.61 Mbit/s 	  2.00 Mbit/s
20181204-153501 	  8.48 Mbit/s 	  1.76 Mbit/s
20181204-154001 	  8.84 Mbit/s 	  1.92 Mbit/s
20181204-154501 	  4.10 Mbit/s 	  1.87 Mbit/s
20181204-155001 	  8.03 Mbit/s 	  1.73 Mbit/s
20181204-155501 	  5.60 Mbit/s 	  1.94 Mbit/s
20181204-160001 	  10.12 Mbit/s 	  1.06 Mbit/s
20181204-160501 	  10.83 Mbit/s 	  1.49 Mbit/s
20181204-161001 	  1.53 Mbit/s 	  1.97 Mbit/s
20181204-161501 	  10.75 Mbit/s 	  1.53 Mbit/s
20181204-162001 	  7.61 Mbit/s 	  1.90 Mbit/s
20181204-162502 	  5.59 Mbit/s 	  1.73 Mbit/s
20181204-163001 	  7.94 Mbit/s 	  1.93 Mbit/s
20181204-163501 	  7.23 Mbit/s 	  1.86 Mbit/s
20181204-164001 	  3.67 Mbit/s 	  1.90 Mbit/s
20181204-164501 	  9.09 Mbit/s 	  1.82 Mbit/s
20181204-165001 	  6.75 Mbit/s 	  1.16 Mbit/s
20181204-165501 	  9.68 Mbit/s 	  1.66 Mbit/s
20181204-170001 	  8.79 Mbit/s 	  1.85 Mbit/s
20181204-170502 	  11.32 Mbit/s 	  1.50 Mbit/s
20181204-171001 	  6.31 Mbit/s 	  1.89 Mbit/s
20181204-171501 	  7.77 Mbit/s 	  1.91 Mbit/s
20181204-172002 	  4.22 Mbit/s 	  2.15 Mbit/s
20181204-172501 	  8.90 Mbit/s 	  1.55 Mbit/s
20181204-173001 	  8.49 Mbit/s 	  2.03 Mbit/s
20181204-173501 	  4.39 Mbit/s 	  1.32 Mbit/s
20181204-174001 	  6.45 Mbit/s 	  2.09 Mbit/s
20181204-174501 	  8.72 Mbit/s 	  1.93 Mbit/s
20181204-175001 	  9.25 Mbit/s 	  1.71 Mbit/s
20181204-175501 	  1.45 Mbit/s 	  2.05 Mbit/s
20181204-180001 	  3.89 Mbit/s 	  1.84 Mbit/s
20181204-180501 	  6.64 Mbit/s 	  1.67 Mbit/s
20181204-181001 	  6.75 Mbit/s 	  1.50 Mbit/s
20181204-181501 	  6.53 Mbit/s 	  1.52 Mbit/s
20181204-182001 	  9.86 Mbit/s 	  1.53 Mbit/s
20181204-182501 	  11.18 Mbit/s 	  1.08 Mbit/s
20181204-183001 	  7.07 Mbit/s 	  1.54 Mbit/s
20181204-183501 	  10.57 Mbit/s 	  1.59 Mbit/s
20181204-184001 	  9.88 Mbit/s 	  1.51 Mbit/s
20181204-184501 	  4.54 Mbit/s 	  1.69 Mbit/s
20181204-185001 	  8.67 Mbit/s 	  1.89 Mbit/s
20181204-185501 	  6.00 Mbit/s 	  1.88 Mbit/s
20181204-190001 	  9.15 Mbit/s 	  1.81 Mbit/s
20181204-190501 	  10.84 Mbit/s 	  1.15 Mbit/s
20181204-191001 	  9.10 Mbit/s 	  1.72 Mbit/s
20181204-191501 	  1.63 Mbit/s 	  1.50 Mbit/s
20181204-192001 	  8.35 Mbit/s 	  2.05 Mbit/s
20181204-192501 	  4.62 Mbit/s 	  1.89 Mbit/s
20181204-193001 	  9.62 Mbit/s 	  1.33 Mbit/s
20181204-193501 	  10.23 Mbit/s 	  1.19 Mbit/s
20181204-194001 	  6.09 Mbit/s 	  2.08 Mbit/s
20181204-194501 	  1.68 Mbit/s 	  1.17 Mbit/s
20181204-195001 	  10.17 Mbit/s 	  1.36 Mbit/s
20181204-195501 	  9.51 Mbit/s 	  1.56 Mbit/s
20181204-200001 	  10.61 Mbit/s 	  1.22 Mbit/s
20181204-200501 	  6.02 Mbit/s 	  2.02 Mbit/s
20181204-201001 	  9.46 Mbit/s 	  1.89 Mbit/s
20181204-201501 	  5.66 Mbit/s 	  2.06 Mbit/s
20181204-202001 	  3.29 Mbit/s 	  1.64 Mbit/s
20181204-202501 	  10.82 Mbit/s 	  1.57 Mbit/s
20181204-203001 	  9.63 Mbit/s 	  1.16 Mbit/s
20181204-203501 	  8.21 Mbit/s 	  1.58 Mbit/s
20181204-204001 	  7.43 Mbit/s 	  1.64 Mbit/s
20181204-204501 	  7.53 Mbit/s 	  2.03 Mbit/s
20181204-205001 	  7.03 Mbit/s 	  1.22 Mbit/s
20181204-205501 	  4.38 Mbit/s 	  0.88 Mbit/s
20181204-210001 	  10.51 Mbit/s 	  1.44 Mbit/s
20181204-210501 	  10.52 Mbit/s 	  1.63 Mbit/s
20181204-211001 	  7.30 Mbit/s 	  2.11 Mbit/s
20181204-211501 	  7.05 Mbit/s 	  1.77 Mbit/s
20181204-212001 	  10.10 Mbit/s 	  1.36 Mbit/s
20181204-212501 	  8.21 Mbit/s 	  1.76 Mbit/s
20181204-213001 	  4.57 Mbit/s 	  1.82 Mbit/s
20181204-213501 	  10.77 Mbit/s 	  1.54 Mbit/s
20181204-214001 	  8.57 Mbit/s 	  1.95 Mbit/s
20181204-214501 	  8.57 Mbit/s 	  1.48 Mbit/s
20181204-215001 	  9.88 Mbit/s 	  1.35 Mbit/s
20181204-215501 	  9.48 Mbit/s 	  2.02 Mbit/s
20181204-220001 	  9.93 Mbit/s 	  2.13 Mbit/s
20181204-220501 	  10.50 Mbit/s 	  2.10 Mbit/s
20181204-221001 	  10.17 Mbit/s 	  2.14 Mbit/s
20181204-221501 	  10.46 Mbit/s 	  2.06 Mbit/s
20181204-222001 	  10.46 Mbit/s 	  2.15 Mbit/s
20181204-222501 	  9.35 Mbit/s 	  1.97 Mbit/s
20181204-223001 	 NG 	 NG
20181204-223501 	  10.63 Mbit/s 	  2.04 Mbit/s
20181204-224001 	 NG 	 NG
20181204-224501 	 NG 	 NG
20181204-225001 	  8.51 Mbit/s 	  0.31 Mbit/s
20181204-225501 	  1.74 Mbit/s 	  1.56 Mbit/s
20181204-230001 	 NG 	 NG
20181204-230501 	  9.91 Mbit/s 	  1.92 Mbit/s
20181204-231001 	  10.76 Mbit/s 	  1.61 Mbit/s
20181204-231501 	  8.09 Mbit/s 	  1.76 Mbit/s
20181204-232001 	  10.41 Mbit/s 	  2.07 Mbit/s
20181204-232501 	  9.01 Mbit/s 	  1.98 Mbit/s
20181204-233001 	  10.18 Mbit/s 	  1.97 Mbit/s
20181204-233501 	  10.97 Mbit/s 	  2.14 Mbit/s
20181204-234001 	  8.80 Mbit/s 	  1.93 Mbit/s
20181204-234501 	  10.53 Mbit/s 	  2.17 Mbit/s
20181204-235001 	  10.45 Mbit/s 	  2.09 Mbit/s
20181204-235501 	  9.52 Mbit/s 	  1.73 Mbit/s
20181205-000001 	  8.95 Mbit/s 	  1.82 Mbit/s
20181205-000501 	  10.20 Mbit/s 	  2.12 Mbit/s
20181205-001002 	  9.64 Mbit/s 	  1.98 Mbit/s
20181205-001501 	  10.21 Mbit/s 	  2.06 Mbit/s
20181205-002001 	  10.32 Mbit/s 	  2.22 Mbit/s
20181205-002501 	  10.52 Mbit/s 	  2.07 Mbit/s
20181205-003001 	  10.77 Mbit/s 	  2.07 Mbit/s
20181205-003501 	  10.02 Mbit/s 	  2.09 Mbit/s
20181205-004001 	  10.08 Mbit/s 	  2.05 Mbit/s
20181205-004501 	  10.14 Mbit/s 	  2.07 Mbit/s
20181205-005001 	  10.77 Mbit/s 	  2.05 Mbit/s
20181205-005501 	  10.66 Mbit/s 	  2.13 Mbit/s
20181205-010001 	  10.76 Mbit/s 	  2.13 Mbit/s
20181205-010501 	  9.92 Mbit/s 	  2.13 Mbit/s
20181205-011001 	  10.75 Mbit/s 	  2.03 Mbit/s
20181205-011501 	  8.43 Mbit/s 	  1.95 Mbit/s
20181205-012001 	  10.31 Mbit/s 	  1.89 Mbit/s
20181205-012501 	  8.64 Mbit/s 	  2.04 Mbit/s
20181205-013001 	  10.84 Mbit/s 	  2.07 Mbit/s
20181205-013501 	  9.79 Mbit/s 	  2.04 Mbit/s
20181205-014001 	  10.33 Mbit/s 	  2.11 Mbit/s
20181205-014501 	  8.91 Mbit/s 	  2.10 Mbit/s
20181205-015001 	  10.99 Mbit/s 	  2.09 Mbit/s
20181205-015501 	  10.04 Mbit/s 	  1.95 Mbit/s
20181205-020001 	  10.59 Mbit/s 	  2.17 Mbit/s
20181205-020501 	  10.77 Mbit/s 	  2.25 Mbit/s
20181205-021001 	  10.11 Mbit/s 	  2.05 Mbit/s
20181205-021501 	  9.89 Mbit/s 	  2.11 Mbit/s
20181205-022001 	  8.33 Mbit/s 	  2.06 Mbit/s
20181205-022501 	  8.87 Mbit/s 	  2.09 Mbit/s
20181205-023001 	  10.10 Mbit/s 	  2.14 Mbit/s
20181205-023501 	  10.98 Mbit/s 	  2.19 Mbit/s
20181205-024001 	  10.99 Mbit/s 	  2.03 Mbit/s
20181205-024501 	  10.60 Mbit/s 	  2.04 Mbit/s
20181205-025001 	  9.11 Mbit/s 	  2.10 Mbit/s
20181205-025501 	  11.00 Mbit/s 	  2.00 Mbit/s
20181205-030001 	  8.97 Mbit/s 	  1.88 Mbit/s
20181205-030501 	  11.11 Mbit/s 	  1.93 Mbit/s
20181205-031002 	  10.90 Mbit/s 	  2.05 Mbit/s
20181205-031501 	  9.36 Mbit/s 	  2.02 Mbit/s
20181205-032001 	  10.86 Mbit/s 	  2.11 Mbit/s
20181205-032501 	  9.47 Mbit/s 	  2.04 Mbit/s
20181205-033001 	  10.52 Mbit/s 	  2.07 Mbit/s
20181205-033501 	  10.27 Mbit/s 	  2.07 Mbit/s
20181205-034001 	  9.96 Mbit/s 	  2.12 Mbit/s
20181205-034502 	  10.35 Mbit/s 	  2.08 Mbit/s
20181205-035001 	  10.48 Mbit/s 	  2.14 Mbit/s
20181205-035501 	  10.79 Mbit/s 	  2.07 Mbit/s
20181205-040001 	  9.77 Mbit/s 	  2.06 Mbit/s
20181205-040501 	  10.88 Mbit/s 	  1.99 Mbit/s
20181205-041001 	  10.31 Mbit/s 	  2.16 Mbit/s
20181205-041501 	  10.99 Mbit/s 	  2.14 Mbit/s
20181205-042001 	  10.94 Mbit/s 	  2.07 Mbit/s
20181205-042501 	  10.75 Mbit/s 	  2.16 Mbit/s
20181205-043001 	  10.06 Mbit/s 	  2.11 Mbit/s
20181205-043501 	  9.27 Mbit/s 	  2.06 Mbit/s
20181205-044001 	  10.49 Mbit/s 	  1.91 Mbit/s
20181205-044502 	  10.71 Mbit/s 	  2.10 Mbit/s
20181205-045001 	  10.10 Mbit/s 	  2.11 Mbit/s
20181205-045501 	  10.05 Mbit/s 	  2.07 Mbit/s
20181205-050001 	  7.90 Mbit/s 	  2.00 Mbit/s
20181205-050501 	  10.17 Mbit/s 	  2.02 Mbit/s
20181205-051001 	  10.73 Mbit/s 	  2.04 Mbit/s
20181205-051501 	  9.70 Mbit/s 	  2.10 Mbit/s
20181205-052001 	  9.81 Mbit/s 	  2.09 Mbit/s
20181205-052501 	  9.90 Mbit/s 	  1.99 Mbit/s
20181205-053001 	  9.98 Mbit/s 	  2.10 Mbit/s
20181205-053501 	  11.01 Mbit/s 	  2.14 Mbit/s
20181205-054001 	  9.76 Mbit/s 	  2.02 Mbit/s
20181205-054501 	  9.14 Mbit/s 	  1.54 Mbit/s
20181205-055001 	  10.80 Mbit/s 	  2.13 Mbit/s
20181205-055501 	  9.72 Mbit/s 	  2.05 Mbit/s
20181205-060001 	  9.20 Mbit/s 	  2.11 Mbit/s
20181205-060501 	  11.13 Mbit/s 	  2.11 Mbit/s
20181205-061001 	  11.19 Mbit/s 	  2.08 Mbit/s
20181205-061501 	  10.87 Mbit/s 	  2.14 Mbit/s
20181205-062001 	  10.92 Mbit/s 	  2.07 Mbit/s
20181205-062501 	  9.93 Mbit/s 	  2.09 Mbit/s
20181205-063001 	  9.25 Mbit/s 	  2.02 Mbit/s
20181205-063501 	  8.77 Mbit/s 	  2.11 Mbit/s
20181205-064001 	  8.87 Mbit/s 	  2.10 Mbit/s
20181205-064501 	  10.67 Mbit/s 	  1.97 Mbit/s
20181205-065001 	  10.09 Mbit/s 	  2.12 Mbit/s
20181205-065501 	  10.43 Mbit/s 	  1.95 Mbit/s
20181205-070001 	  9.09 Mbit/s 	  2.08 Mbit/s
20181205-070501 	  10.69 Mbit/s 	  2.19 Mbit/s
20181205-071001 	  10.37 Mbit/s 	  2.08 Mbit/s
20181205-071501 	  9.79 Mbit/s 	  2.10 Mbit/s
20181205-072001 	  10.41 Mbit/s 	  2.08 Mbit/s
20181205-072501 	  10.86 Mbit/s 	  2.08 Mbit/s
20181205-073001 	  10.19 Mbit/s 	  2.06 Mbit/s
20181205-073501 	  9.75 Mbit/s 	  2.04 Mbit/s
20181205-074001 	  10.64 Mbit/s 	  2.16 Mbit/s
20181205-074501 	  10.69 Mbit/s 	  2.05 Mbit/s
20181205-075001 	  10.89 Mbit/s 	  2.05 Mbit/s
20181205-075501 	  10.22 Mbit/s 	  2.15 Mbit/s
20181205-080002 	  11.13 Mbit/s 	  1.98 Mbit/s
20181205-080501 	  10.76 Mbit/s 	  2.12 Mbit/s
20181205-081001 	  8.66 Mbit/s 	  2.05 Mbit/s
20181205-081501 	  10.61 Mbit/s 	  2.10 Mbit/s
20181205-082001 	  9.58 Mbit/s 	  1.98 Mbit/s
20181205-082501 	  9.01 Mbit/s 	  2.12 Mbit/s
20181205-083001 	  10.79 Mbit/s 	  1.98 Mbit/s
20181205-083501 	  10.15 Mbit/s 	  2.13 Mbit/s
20181205-084001 	  8.91 Mbit/s 	  2.13 Mbit/s
20181205-084501 	  8.99 Mbit/s 	  2.05 Mbit/s
20181205-085002 	  10.50 Mbit/s 	  2.12 Mbit/s
20181205-085501 	  10.73 Mbit/s 	  2.10 Mbit/s
20181205-090001 	  10.71 Mbit/s 	  2.11 Mbit/s
20181205-090501 	  9.95 Mbit/s 	  2.16 Mbit/s
20181205-091001 	  10.16 Mbit/s 	  2.10 Mbit/s
20181205-091501 	  9.72 Mbit/s 	  2.13 Mbit/s
20181205-092001 	  10.84 Mbit/s 	  2.08 Mbit/s
20181205-092501 	  8.44 Mbit/s 	  2.14 Mbit/s
20181205-093001 	  9.69 Mbit/s 	  2.18 Mbit/s
20181205-093501 	  11.15 Mbit/s 	  2.13 Mbit/s
20181205-094001 	  10.01 Mbit/s 	  2.08 Mbit/s
20181205-094501 	  10.98 Mbit/s 	  2.09 Mbit/s
20181205-095001 	  9.82 Mbit/s 	  2.07 Mbit/s
20181205-095501 	  9.80 Mbit/s 	  2.09 Mbit/s
20181205-100001 	  10.36 Mbit/s 	  2.08 Mbit/s
20181205-100501 	  10.15 Mbit/s 	  2.12 Mbit/s
20181205-101001 	  10.09 Mbit/s 	  2.24 Mbit/s
20181205-101501 	  9.60 Mbit/s 	  2.12 Mbit/s
20181205-102001 	  10.81 Mbit/s 	  2.10 Mbit/s
20181205-102501 	  10.52 Mbit/s 	  2.11 Mbit/s
20181205-103001 	  10.52 Mbit/s 	  2.13 Mbit/s
20181205-103501 	  11.02 Mbit/s 	  2.17 Mbit/s
20181205-104001 	  9.34 Mbit/s 	  2.08 Mbit/s
20181205-104501 	  8.76 Mbit/s 	  2.10 Mbit/s
20181205-105001 	  10.49 Mbit/s 	  2.09 Mbit/s
20181205-105501 	  11.31 Mbit/s 	  2.09 Mbit/s
20181205-110001 	  10.51 Mbit/s 	  1.92 Mbit/s
20181205-110501 	  10.94 Mbit/s 	  2.19 Mbit/s
20181205-111001 	  9.10 Mbit/s 	  2.11 Mbit/s
20181205-111501 	  9.86 Mbit/s 	  2.15 Mbit/s
20181205-112001 	  10.97 Mbit/s 	  1.94 Mbit/s
20181205-112502 	  10.65 Mbit/s 	  2.04 Mbit/s
20181205-113001 	  10.18 Mbit/s 	  2.11 Mbit/s
20181205-113501 	  10.92 Mbit/s 	  2.11 Mbit/s
20181205-114001 	  10.86 Mbit/s 	  2.09 Mbit/s
20181205-114501 	  10.89 Mbit/s 	  2.09 Mbit/s
20181205-115001 	  9.80 Mbit/s 	  2.08 Mbit/s
20181205-115501 	  9.53 Mbit/s 	  2.06 Mbit/s
20181205-120002 	  11.08 Mbit/s 	  2.09 Mbit/s
20181205-120501 	  9.33 Mbit/s 	  2.08 Mbit/s
20181205-121001 	  9.03 Mbit/s 	  2.15 Mbit/s
20181205-121501 	  8.88 Mbit/s 	  2.14 Mbit/s
20181205-122001 	  9.77 Mbit/s 	  2.08 Mbit/s
20181205-122501 	  10.48 Mbit/s 	  2.10 Mbit/s
20181205-123001 	  10.99 Mbit/s 	  2.15 Mbit/s
20181205-123501 	  11.12 Mbit/s 	  2.12 Mbit/s
20181205-124001 	  11.11 Mbit/s 	  2.01 Mbit/s
20181205-124501 	  10.81 Mbit/s 	  2.10 Mbit/s
20181205-125001 	  10.25 Mbit/s 	  2.09 Mbit/s
20181205-125501 	  10.53 Mbit/s 	  2.10 Mbit/s
20181205-130001 	  9.40 Mbit/s 	  1.72 Mbit/s
20181205-130501 	  9.44 Mbit/s 	  2.13 Mbit/s
20181205-131001 	  10.67 Mbit/s 	  2.11 Mbit/s
20181205-131501 	  10.92 Mbit/s 	  2.11 Mbit/s
20181205-132001 	  10.77 Mbit/s 	  2.13 Mbit/s
20181205-132501 	  9.48 Mbit/s 	  2.10 Mbit/s
20181205-133001 	  10.03 Mbit/s 	  2.11 Mbit/s
20181205-133502 	  10.60 Mbit/s 	  2.04 Mbit/s
20181205-134001 	  10.44 Mbit/s 	  2.03 Mbit/s
20181205-134501 	  10.54 Mbit/s 	  2.09 Mbit/s
20181205-135001 	  10.65 Mbit/s 	  2.16 Mbit/s
20181205-135501 	  11.11 Mbit/s 	  2.12 Mbit/s
20181205-140001 	  9.72 Mbit/s 	  2.13 Mbit/s
20181205-140501 	  10.83 Mbit/s 	  2.06 Mbit/s
20181205-141001 	  10.88 Mbit/s 	  1.92 Mbit/s
20181205-141501 	  10.33 Mbit/s 	  2.12 Mbit/s
20181205-142001 	  10.40 Mbit/s 	  2.12 Mbit/s
20181205-142501 	  10.60 Mbit/s 	  2.15 Mbit/s
20181205-143001 	  10.64 Mbit/s 	  2.11 Mbit/s
20181205-143501 	  10.47 Mbit/s 	  2.12 Mbit/s
20181205-144001 	  10.83 Mbit/s 	  2.09 Mbit/s
20181205-144501 	  10.42 Mbit/s 	  2.22 Mbit/s
20181205-145002 	  10.44 Mbit/s 	  2.10 Mbit/s
20181205-145501 	  11.05 Mbit/s 	  2.01 Mbit/s
20181205-150001 	  10.84 Mbit/s 	  1.92 Mbit/s
20181205-150501 	  8.90 Mbit/s 	  2.08 Mbit/s
20181205-151001 	  9.26 Mbit/s 	  2.09 Mbit/s
20181205-151501 	  10.90 Mbit/s 	  2.09 Mbit/s
20181205-152001 	  11.05 Mbit/s 	  2.03 Mbit/s
20181205-152502 	  10.92 Mbit/s 	  1.95 Mbit/s
20181205-153001 	  10.99 Mbit/s 	  2.13 Mbit/s
20181205-153501 	  9.89 Mbit/s 	  1.99 Mbit/s
20181205-154001 	  8.52 Mbit/s 	  2.00 Mbit/s
20181205-154501 	  10.03 Mbit/s 	  2.09 Mbit/s
20181205-155001 	  8.92 Mbit/s 	  2.09 Mbit/s
20181205-155501 	  11.25 Mbit/s 	  2.12 Mbit/s
20181205-160001 	  10.47 Mbit/s 	  2.11 Mbit/s
20181205-160501 	  10.11 Mbit/s 	  2.13 Mbit/s
20181205-161001 	  11.07 Mbit/s 	  1.99 Mbit/s
20181205-161501 	  10.53 Mbit/s 	  2.16 Mbit/s
20181205-162002 	  9.91 Mbit/s 	  2.14 Mbit/s
20181205-162501 	  10.29 Mbit/s 	  2.08 Mbit/s
20181205-163001 	  11.06 Mbit/s 	  2.15 Mbit/s
20181205-163501 	  9.76 Mbit/s 	  2.26 Mbit/s
20181205-164001 	  10.52 Mbit/s 	  2.08 Mbit/s
20181205-164501 	  10.20 Mbit/s 	  2.08 Mbit/s
20181205-165001 	  10.64 Mbit/s 	  2.10 Mbit/s
20181205-165501 	  10.68 Mbit/s 	  2.17 Mbit/s
20181205-170001 	  10.52 Mbit/s 	  2.10 Mbit/s
20181205-170501 	  10.93 Mbit/s 	  2.11 Mbit/s
20181205-171001 	  9.32 Mbit/s 	  2.09 Mbit/s
20181205-171501 	  10.26 Mbit/s 	  2.03 Mbit/s
20181205-172001 	  10.35 Mbit/s 	  1.93 Mbit/s
20181205-172501 	  9.61 Mbit/s 	  2.04 Mbit/s
20181205-173001 	  10.89 Mbit/s 	  2.09 Mbit/s
20181205-173501 	  8.97 Mbit/s 	  2.05 Mbit/s
20181205-174001 	  11.44 Mbit/s 	  2.01 Mbit/s
20181205-174501 	  10.36 Mbit/s 	  1.97 Mbit/s
20181205-175001 	  9.78 Mbit/s 	  2.11 Mbit/s
20181205-175501 	  10.73 Mbit/s 	  2.08 Mbit/s
20181205-180001 	  10.09 Mbit/s 	  2.11 Mbit/s
20181205-180501 	  10.49 Mbit/s 	  2.12 Mbit/s
20181205-181001 	  9.94 Mbit/s 	  2.04 Mbit/s
20181205-181501 	  9.82 Mbit/s 	  2.14 Mbit/s
20181205-182001 	  8.84 Mbit/s 	  2.09 Mbit/s
20181205-182501 	  10.60 Mbit/s 	  2.21 Mbit/s
20181205-183002 	  10.80 Mbit/s 	  2.08 Mbit/s
20181205-183501 	  9.96 Mbit/s 	  2.13 Mbit/s
20181205-184001 	  10.73 Mbit/s 	  1.94 Mbit/s
20181205-184501 	  10.47 Mbit/s 	  2.11 Mbit/s
20181205-185001 	  10.75 Mbit/s 	  2.11 Mbit/s
20181205-185502 	  10.57 Mbit/s 	  2.06 Mbit/s
20181205-190001 	  9.82 Mbit/s 	  1.95 Mbit/s
20181205-190501 	  11.12 Mbit/s 	  2.07 Mbit/s
20181205-191001 	  10.09 Mbit/s 	  2.07 Mbit/s
20181205-191501 	  10.44 Mbit/s 	  2.13 Mbit/s
20181205-192001 	  10.77 Mbit/s 	  2.12 Mbit/s
20181205-192501 	  11.02 Mbit/s 	  2.14 Mbit/s
20181205-193001 	  9.53 Mbit/s 	  2.11 Mbit/s
20181205-193501 	  10.47 Mbit/s 	  2.10 Mbit/s
20181205-194001 	  10.41 Mbit/s 	  2.15 Mbit/s
20181205-194501 	  9.96 Mbit/s 	  2.06 Mbit/s
20181205-195001 	  9.98 Mbit/s 	  2.00 Mbit/s
20181205-195501 	  10.21 Mbit/s 	  2.06 Mbit/s
20181205-200001 	  10.69 Mbit/s 	  2.13 Mbit/s
20181205-200501 	  10.85 Mbit/s 	  2.10 Mbit/s
20181205-201001 	  10.81 Mbit/s 	  2.03 Mbit/s
20181205-201501 	  10.14 Mbit/s 	  1.99 Mbit/s
20181205-202001 	  10.58 Mbit/s 	  1.93 Mbit/s
20181205-202501 	  11.00 Mbit/s 	  1.98 Mbit/s
20181205-203001 	  10.56 Mbit/s 	  2.08 Mbit/s
20181205-203501 	  10.97 Mbit/s 	  2.13 Mbit/s
20181205-204001 	  10.19 Mbit/s 	  2.02 Mbit/s
20181205-204501 	  9.77 Mbit/s 	  2.05 Mbit/s
20181205-205001 	  10.52 Mbit/s 	  2.06 Mbit/s
20181205-205501 	  10.83 Mbit/s 	  2.09 Mbit/s
20181205-210001 	  8.19 Mbit/s 	  2.06 Mbit/s
20181205-210501 	  7.67 Mbit/s 	  2.10 Mbit/s
20181205-211001 	  9.37 Mbit/s 	  2.03 Mbit/s
20181205-211501 	  8.96 Mbit/s 	  1.92 Mbit/s
20181205-212001 	  6.05 Mbit/s 	  2.07 Mbit/s
20181205-212501 	  10.57 Mbit/s 	  2.08 Mbit/s
20181205-213001 	  10.20 Mbit/s 	  2.07 Mbit/s
20181205-213501 	  10.43 Mbit/s 	  2.09 Mbit/s
20181205-214001 	  9.95 Mbit/s 	  2.07 Mbit/s
20181205-214502 	  10.12 Mbit/s 	  2.00 Mbit/s
20181205-215001 	  10.80 Mbit/s 	  1.97 Mbit/s
20181205-215502 	  8.19 Mbit/s 	  2.10 Mbit/s
20181205-220001 	  8.78 Mbit/s 	  2.15 Mbit/s
20181205-220501 	  8.69 Mbit/s 	  2.14 Mbit/s
20181205-221001 	  10.51 Mbit/s 	  2.11 Mbit/s
20181205-221501 	  8.36 Mbit/s 	  2.07 Mbit/s
20181205-222001 	  8.77 Mbit/s 	  1.94 Mbit/s
20181205-222501 	  8.08 Mbit/s 	  1.73 Mbit/s
20181205-223001 	  9.52 Mbit/s 	  2.09 Mbit/s
20181205-223501 	  10.09 Mbit/s 	  1.99 Mbit/s
20181205-224002 	  9.45 Mbit/s 	  1.99 Mbit/s
20181205-224501 	  9.78 Mbit/s 	  2.02 Mbit/s
20181205-225001 	  8.95 Mbit/s 	  1.82 Mbit/s
20181205-225501 	  9.22 Mbit/s 	  2.00 Mbit/s
20181205-230001 	  9.55 Mbit/s 	  1.79 Mbit/s
20181205-230501 	  8.15 Mbit/s 	  1.33 Mbit/s
20181205-231001 	  10.12 Mbit/s 	  1.80 Mbit/s
20181205-231502 	  9.41 Mbit/s 	  1.94 Mbit/s
20181205-232001 	  10.60 Mbit/s 	  1.98 Mbit/s
20181205-232501 	  9.22 Mbit/s 	  2.04 Mbit/s
20181205-233001 	  10.31 Mbit/s 	  2.10 Mbit/s
20181205-233501 	  10.27 Mbit/s 	  2.16 Mbit/s
20181205-234001 	  9.68 Mbit/s 	  1.93 Mbit/s
20181205-234501 	  10.56 Mbit/s 	  2.08 Mbit/s
20181205-235001 	  10.29 Mbit/s 	  2.18 Mbit/s
20181205-235501 	  8.59 Mbit/s 	  2.15 Mbit/s
20181206-000001 	  9.58 Mbit/s 	  2.00 Mbit/s
20181206-000501 	  10.33 Mbit/s 	  2.17 Mbit/s
20181206-001001 	  11.06 Mbit/s 	  2.01 Mbit/s
20181206-001501 	  10.52 Mbit/s 	  2.07 Mbit/s
20181206-002001 	  0.31 Mbit/s 	  2.10 Mbit/s
20181206-002501 	  10.28 Mbit/s 	  2.11 Mbit/s
20181206-003001 	  8.89 Mbit/s 	  2.11 Mbit/s
20181206-003501 	  9.84 Mbit/s 	  2.10 Mbit/s
20181206-004001 	  10.37 Mbit/s 	  2.01 Mbit/s
20181206-004501 	  9.00 Mbit/s 	  2.09 Mbit/s
20181206-005001 	  9.43 Mbit/s 	  2.10 Mbit/s
20181206-005501 	  10.19 Mbit/s 	  1.91 Mbit/s
20181206-010001 	  10.36 Mbit/s 	  2.05 Mbit/s
20181206-010501 	  10.41 Mbit/s 	  2.06 Mbit/s
20181206-011001 	  9.09 Mbit/s 	  2.16 Mbit/s
20181206-011501 	  10.57 Mbit/s 	  1.98 Mbit/s
20181206-012001 	  9.81 Mbit/s 	  2.00 Mbit/s
20181206-012501 	  9.69 Mbit/s 	  2.15 Mbit/s
20181206-013001 	  9.99 Mbit/s 	  2.20 Mbit/s
20181206-013501 	  10.52 Mbit/s 	  2.09 Mbit/s
20181206-014001 	  8.79 Mbit/s 	  2.11 Mbit/s
20181206-014501 	  8.84 Mbit/s 	  2.21 Mbit/s
20181206-015001 	  10.37 Mbit/s 	  2.11 Mbit/s
20181206-015501 	  10.91 Mbit/s 	  2.07 Mbit/s
20181206-020001 	  8.85 Mbit/s 	  2.11 Mbit/s
20181206-020501 	  10.91 Mbit/s 	  2.23 Mbit/s
20181206-021001 	  8.34 Mbit/s 	  2.09 Mbit/s
20181206-021501 	  10.83 Mbit/s 	  2.09 Mbit/s
20181206-022001 	  9.57 Mbit/s 	  2.03 Mbit/s
20181206-022501 	  10.84 Mbit/s 	  2.05 Mbit/s
20181206-023001 	  9.02 Mbit/s 	  2.04 Mbit/s
20181206-023502 	  10.91 Mbit/s 	  2.14 Mbit/s
20181206-024001 	  9.05 Mbit/s 	  2.06 Mbit/s
20181206-024501 	  9.31 Mbit/s 	  2.11 Mbit/s
20181206-025001 	  10.69 Mbit/s 	  1.93 Mbit/s
20181206-025501 	  10.48 Mbit/s 	  2.13 Mbit/s
20181206-030001 	  10.70 Mbit/s 	  2.11 Mbit/s
20181206-030501 	  10.80 Mbit/s 	  1.97 Mbit/s
20181206-031002 	  10.90 Mbit/s 	  2.06 Mbit/s
20181206-031501 	  10.70 Mbit/s 	  2.06 Mbit/s
20181206-032001 	  9.49 Mbit/s 	  2.03 Mbit/s
20181206-032501 	  10.73 Mbit/s 	  1.92 Mbit/s
20181206-033001 	  10.45 Mbit/s 	  2.07 Mbit/s
20181206-033501 	  8.78 Mbit/s 	  2.10 Mbit/s
20181206-034001 	  8.04 Mbit/s 	  2.08 Mbit/s
20181206-034501 	  8.70 Mbit/s 	  2.13 Mbit/s
20181206-035001 	  10.83 Mbit/s 	  1.95 Mbit/s
20181206-035501 	  9.16 Mbit/s 	  2.14 Mbit/s
20181206-040001 	  10.15 Mbit/s 	  2.05 Mbit/s
20181206-040501 	  10.86 Mbit/s 	  2.12 Mbit/s
20181206-041002 	  11.07 Mbit/s 	  2.08 Mbit/s
20181206-041501 	  9.69 Mbit/s 	  1.98 Mbit/s
20181206-042001 	  10.17 Mbit/s 	  2.10 Mbit/s
20181206-042501 	  10.58 Mbit/s 	  2.12 Mbit/s
20181206-043001 	  10.22 Mbit/s 	  2.09 Mbit/s
20181206-043501 	  9.77 Mbit/s 	  2.11 Mbit/s
20181206-044001 	  10.43 Mbit/s 	  2.04 Mbit/s
20181206-044501 	  9.78 Mbit/s 	  2.04 Mbit/s
20181206-045001 	  10.28 Mbit/s 	  1.99 Mbit/s
20181206-045501 	  10.81 Mbit/s 	  2.03 Mbit/s
20181206-050001 	  9.93 Mbit/s 	  2.11 Mbit/s
20181206-050501 	  11.09 Mbit/s 	  2.22 Mbit/s
20181206-051002 	  10.53 Mbit/s 	  2.08 Mbit/s
20181206-051501 	  8.65 Mbit/s 	  2.13 Mbit/s
20181206-052001 	  6.23 Mbit/s 	  1.98 Mbit/s
20181206-052501 	  9.81 Mbit/s 	  2.11 Mbit/s
20181206-053001 	  10.95 Mbit/s 	  2.18 Mbit/s
20181206-053501 	  7.73 Mbit/s 	  2.09 Mbit/s
20181206-054001 	  10.31 Mbit/s 	  2.16 Mbit/s
20181206-054501 	  9.41 Mbit/s 	  2.17 Mbit/s
20181206-055001 	  10.35 Mbit/s 	  2.09 Mbit/s
20181206-055501 	  10.14 Mbit/s 	  2.06 Mbit/s
20181206-060001 	  10.29 Mbit/s 	  2.13 Mbit/s
20181206-060501 	  10.84 Mbit/s 	  2.02 Mbit/s
20181206-061001 	  10.78 Mbit/s 	  1.94 Mbit/s
20181206-061501 	  10.65 Mbit/s 	  2.02 Mbit/s
20181206-062001 	  10.66 Mbit/s 	  1.96 Mbit/s
20181206-062501 	  10.83 Mbit/s 	  2.11 Mbit/s
20181206-063001 	  9.67 Mbit/s 	  2.08 Mbit/s
20181206-063501 	  9.77 Mbit/s 	  2.05 Mbit/s
20181206-064001 	  9.06 Mbit/s 	  2.12 Mbit/s
20181206-064501 	  10.34 Mbit/s 	  2.10 Mbit/s
20181206-065001 	  9.48 Mbit/s 	  2.13 Mbit/s
20181206-065501 	  10.32 Mbit/s 	  2.11 Mbit/s
20181206-070001 	  10.62 Mbit/s 	  2.12 Mbit/s
20181206-070502 	  10.44 Mbit/s 	  2.08 Mbit/s
20181206-071001 	  10.13 Mbit/s 	  2.16 Mbit/s
20181206-071501 	  10.48 Mbit/s 	  2.14 Mbit/s
20181206-072001 	  10.76 Mbit/s 	  2.13 Mbit/s
20181206-072501 	  10.81 Mbit/s 	  2.12 Mbit/s
20181206-073001 	  10.98 Mbit/s 	  2.02 Mbit/s
20181206-073501 	  11.14 Mbit/s 	  2.09 Mbit/s
20181206-074001 	  10.34 Mbit/s 	  2.11 Mbit/s
20181206-074501 	  9.04 Mbit/s 	  2.13 Mbit/s
20181206-075001 	  10.04 Mbit/s 	  1.98 Mbit/s
20181206-075501 	  10.62 Mbit/s 	  1.96 Mbit/s
20181206-080001 	  10.66 Mbit/s 	  2.15 Mbit/s
20181206-080501 	  10.96 Mbit/s 	  2.12 Mbit/s
20181206-081001 	  9.98 Mbit/s 	  1.53 Mbit/s
20181206-081501 	  10.86 Mbit/s 	  2.13 Mbit/s
20181206-082001 	  9.29 Mbit/s 	  2.12 Mbit/s
20181206-082501 	  10.37 Mbit/s 	  2.08 Mbit/s
20181206-083001 	  9.11 Mbit/s 	  2.09 Mbit/s
20181206-083501 	  11.14 Mbit/s 	  2.14 Mbit/s
20181206-084001 	  10.76 Mbit/s 	  2.14 Mbit/s
20181206-084501 	  9.46 Mbit/s 	  2.13 Mbit/s
20181206-085001 	  9.73 Mbit/s 	  2.10 Mbit/s
20181206-085501 	  10.48 Mbit/s 	  2.09 Mbit/s
20181206-090001 	  10.67 Mbit/s 	  2.03 Mbit/s
20181206-090501 	  8.77 Mbit/s 	  2.09 Mbit/s
20181206-091001 	  9.63 Mbit/s 	  2.13 Mbit/s
20181206-091501 	  10.40 Mbit/s 	  2.14 Mbit/s
20181206-092001 	  10.01 Mbit/s 	  2.05 Mbit/s
20181206-092501 	  10.54 Mbit/s 	  2.04 Mbit/s
20181206-093002 	  10.70 Mbit/s 	  2.08 Mbit/s
20181206-093501 	  8.61 Mbit/s 	  2.14 Mbit/s
20181206-094001 	  10.66 Mbit/s 	  2.11 Mbit/s
20181206-094501 	  9.86 Mbit/s 	  2.06 Mbit/s
20181206-095001 	  10.84 Mbit/s 	  2.18 Mbit/s
20181206-095501 	  10.97 Mbit/s 	  1.99 Mbit/s
20181206-100002 	  9.52 Mbit/s 	  1.99 Mbit/s
20181206-100501 	  10.85 Mbit/s 	  2.12 Mbit/s
20181206-101001 	  10.30 Mbit/s 	  2.13 Mbit/s
20181206-101501 	  10.94 Mbit/s 	  2.05 Mbit/s
20181206-102001 	  11.16 Mbit/s 	  2.11 Mbit/s
20181206-102501 	  10.87 Mbit/s 	  2.08 Mbit/s
20181206-103001 	  11.03 Mbit/s 	  2.07 Mbit/s
20181206-103501 	  10.41 Mbit/s 	  2.13 Mbit/s
20181206-104001 	  10.73 Mbit/s 	  2.08 Mbit/s
20181206-104501 	  10.38 Mbit/s 	  2.04 Mbit/s
20181206-105002 	  10.17 Mbit/s 	  2.01 Mbit/s
20181206-105501 	  10.96 Mbit/s 	  2.10 Mbit/s
20181206-110001 	  10.32 Mbit/s 	  2.04 Mbit/s
20181206-110501 	  8.52 Mbit/s 	  2.08 Mbit/s
20181206-111001 	  10.51 Mbit/s 	  2.05 Mbit/s
20181206-111501 	  10.52 Mbit/s 	  2.11 Mbit/s
20181206-112001 	  9.01 Mbit/s 	  2.07 Mbit/s
20181206-112502 	  10.88 Mbit/s 	  2.09 Mbit/s
20181206-113001 	  10.67 Mbit/s 	  2.09 Mbit/s
20181206-113501 	  10.28 Mbit/s 	  2.08 Mbit/s
20181206-114001 	  10.66 Mbit/s 	  2.02 Mbit/s
20181206-114501 	  11.12 Mbit/s 	  2.06 Mbit/s
20181206-115001 	  10.59 Mbit/s 	  2.07 Mbit/s
20181206-115501 	  10.87 Mbit/s 	  2.12 Mbit/s
20181206-120001 	  10.88 Mbit/s 	  2.10 Mbit/s
20181206-120501 	  9.72 Mbit/s 	  2.06 Mbit/s
20181206-121001 	  9.75 Mbit/s 	  2.16 Mbit/s
20181206-121501 	  10.73 Mbit/s 	  2.33 Mbit/s
20181206-122001 	  10.32 Mbit/s 	  2.01 Mbit/s
20181206-122501 	  10.64 Mbit/s 	  2.13 Mbit/s
20181206-123001 	  8.47 Mbit/s 	  2.08 Mbit/s
20181206-123501 	  10.81 Mbit/s 	  2.08 Mbit/s
20181206-124001 	  11.01 Mbit/s 	  2.09 Mbit/s
20181206-124501 	  9.43 Mbit/s 	  2.09 Mbit/s
20181206-125001 	  8.77 Mbit/s 	  2.14 Mbit/s
20181206-125501 	  10.47 Mbit/s 	  2.08 Mbit/s
20181206-130001 	  10.46 Mbit/s 	  2.08 Mbit/s
20181206-130501 	  8.37 Mbit/s 	  2.09 Mbit/s
20181206-131001 	  9.58 Mbit/s 	  2.01 Mbit/s
20181206-131501 	  8.99 Mbit/s 	  2.04 Mbit/s
20181206-132001 	  9.76 Mbit/s 	  2.09 Mbit/s
20181206-132501 	  10.81 Mbit/s 	  2.10 Mbit/s
20181206-133001 	  10.28 Mbit/s 	  2.12 Mbit/s
20181206-133501 	  10.95 Mbit/s 	  2.17 Mbit/s
20181206-134001 	  10.87 Mbit/s 	  2.11 Mbit/s
20181206-134501 	  11.14 Mbit/s 	  2.13 Mbit/s
20181206-135001 	  10.16 Mbit/s 	  2.08 Mbit/s
20181206-135501 	  9.70 Mbit/s 	  2.18 Mbit/s
20181206-140001 	  9.67 Mbit/s 	  2.10 Mbit/s
20181206-140501 	  9.30 Mbit/s 	  2.11 Mbit/s
20181206-141001 	  10.88 Mbit/s 	  2.08 Mbit/s
20181206-141501 	  9.92 Mbit/s 	  2.10 Mbit/s
20181206-142001 	  9.99 Mbit/s 	  2.10 Mbit/s
20181206-142501 	  10.70 Mbit/s 	  2.13 Mbit/s
20181206-143001 	  10.51 Mbit/s 	  2.12 Mbit/s
20181206-143501 	  10.82 Mbit/s 	  2.10 Mbit/s
20181206-144001 	  10.35 Mbit/s 	  2.03 Mbit/s
20181206-144502 	  9.60 Mbit/s 	  1.97 Mbit/s
20181206-145001 	  10.25 Mbit/s 	  2.01 Mbit/s
20181206-145501 	  10.21 Mbit/s 	  2.14 Mbit/s
20181206-150001 	  10.40 Mbit/s 	  2.16 Mbit/s
20181206-150501 	  10.44 Mbit/s 	  2.14 Mbit/s
20181206-151001 	  10.48 Mbit/s 	  2.18 Mbit/s
20181206-151501 	  11.03 Mbit/s 	  2.00 Mbit/s
20181206-152001 	  10.78 Mbit/s 	  2.12 Mbit/s
20181206-152501 	  10.95 Mbit/s 	  2.13 Mbit/s
20181206-153001 	  10.33 Mbit/s 	  2.16 Mbit/s
20181206-153501 	  10.33 Mbit/s 	  2.24 Mbit/s
20181206-154001 	  11.15 Mbit/s 	  2.03 Mbit/s
20181206-154501 	  8.92 Mbit/s 	  2.06 Mbit/s
20181206-155001 	  10.96 Mbit/s 	  2.04 Mbit/s
20181206-155501 	  10.63 Mbit/s 	  2.08 Mbit/s
20181206-160001 	  10.20 Mbit/s 	  2.06 Mbit/s
20181206-160501 	  10.88 Mbit/s 	  2.08 Mbit/s
20181206-161001 	  10.81 Mbit/s 	  2.05 Mbit/s
20181206-161501 	  10.44 Mbit/s 	  2.11 Mbit/s
20181206-162001 	  9.93 Mbit/s 	  2.03 Mbit/s
20181206-162501 	  10.91 Mbit/s 	  2.17 Mbit/s
20181206-163001 	  10.27 Mbit/s 	  2.15 Mbit/s
20181206-163502 	  10.41 Mbit/s 	  2.16 Mbit/s
20181206-164001 	  10.62 Mbit/s 	  2.15 Mbit/s
20181206-164501 	  8.95 Mbit/s 	  2.09 Mbit/s
20181206-165001 	  9.51 Mbit/s 	  2.15 Mbit/s
20181206-165501 	  10.15 Mbit/s 	  2.11 Mbit/s
20181206-170001 	  11.19 Mbit/s 	  2.11 Mbit/s
20181206-170501 	  8.37 Mbit/s 	  2.06 Mbit/s
20181206-171001 	  10.01 Mbit/s 	  2.15 Mbit/s
20181206-171501 	  10.62 Mbit/s 	  2.13 Mbit/s
20181206-172001 	  10.76 Mbit/s 	  2.14 Mbit/s
20181206-172501 	  10.36 Mbit/s 	  2.04 Mbit/s
20181206-173001 	  9.94 Mbit/s 	  2.13 Mbit/s
20181206-173501 	  10.36 Mbit/s 	  2.10 Mbit/s
20181206-174001 	  9.80 Mbit/s 	  2.24 Mbit/s
20181206-174501 	  10.41 Mbit/s 	  2.04 Mbit/s
20181206-175001 	  9.47 Mbit/s 	  1.93 Mbit/s
20181206-175501 	  9.57 Mbit/s 	  2.10 Mbit/s
20181206-180001 	  9.05 Mbit/s 	  1.91 Mbit/s
20181206-180501 	  8.96 Mbit/s 	  2.11 Mbit/s
20181206-181001 	  10.21 Mbit/s 	  2.05 Mbit/s
20181206-181501 	  10.19 Mbit/s 	  2.12 Mbit/s
20181206-182001 	  10.27 Mbit/s 	  2.05 Mbit/s
20181206-182501 	  10.81 Mbit/s 	  2.09 Mbit/s
20181206-183001 	  10.56 Mbit/s 	  2.03 Mbit/s
20181206-183501 	  9.90 Mbit/s 	  1.93 Mbit/s
20181206-184001 	  10.12 Mbit/s 	  2.07 Mbit/s
20181206-184501 	  8.86 Mbit/s 	  1.93 Mbit/s
20181206-185001 	  7.89 Mbit/s 	  2.10 Mbit/s
20181206-185501 	  10.66 Mbit/s 	  2.03 Mbit/s
20181206-190001 	  10.63 Mbit/s 	  2.04 Mbit/s
20181206-190501 	  9.41 Mbit/s 	  2.15 Mbit/s
20181206-191001 	  10.38 Mbit/s 	  2.05 Mbit/s
20181206-191501 	  9.68 Mbit/s 	  1.93 Mbit/s
20181206-192001 	  9.66 Mbit/s 	  2.02 Mbit/s
20181206-192501 	  10.44 Mbit/s 	  1.94 Mbit/s
20181206-193001 	  9.64 Mbit/s 	  2.15 Mbit/s
20181206-193501 	  9.65 Mbit/s 	  2.04 Mbit/s
20181206-194001 	  9.26 Mbit/s 	  2.01 Mbit/s
20181206-194501 	  10.61 Mbit/s 	  2.08 Mbit/s
20181206-195001 	  8.74 Mbit/s 	  2.02 Mbit/s
20181206-195501 	  8.85 Mbit/s 	  2.07 Mbit/s
20181206-200001 	  8.46 Mbit/s 	  1.96 Mbit/s
20181206-200501 	  9.63 Mbit/s 	  1.91 Mbit/s
20181206-201001 	  9.82 Mbit/s 	  2.06 Mbit/s
20181206-201501 	  8.00 Mbit/s 	  1.85 Mbit/s
20181206-202001 	  9.11 Mbit/s 	  1.90 Mbit/s
20181206-202501 	  10.01 Mbit/s 	  2.08 Mbit/s
20181206-203001 	  10.42 Mbit/s 	  1.89 Mbit/s
20181206-203501 	  10.12 Mbit/s 	  1.98 Mbit/s
20181206-204001 	  9.16 Mbit/s 	  2.03 Mbit/s
20181206-204501 	  10.20 Mbit/s 	  1.98 Mbit/s
20181206-205001 	  10.75 Mbit/s 	  2.10 Mbit/s
20181206-205501 	  10.25 Mbit/s 	  2.08 Mbit/s
20181206-210001 	  10.72 Mbit/s 	  1.91 Mbit/s
20181206-210501 	  10.21 Mbit/s 	  2.10 Mbit/s
20181206-211001 	  10.99 Mbit/s 	  2.04 Mbit/s
20181206-211501 	  10.05 Mbit/s 	  1.99 Mbit/s
20181206-212001 	  8.35 Mbit/s 	  2.14 Mbit/s
20181206-212501 	  10.53 Mbit/s 	  1.94 Mbit/s
20181206-213001 	  9.60 Mbit/s 	  2.14 Mbit/s
20181206-213501 	  8.74 Mbit/s 	  2.09 Mbit/s
20181206-214001 	  9.85 Mbit/s 	  1.98 Mbit/s
20181206-214501 	  10.25 Mbit/s 	  1.94 Mbit/s
20181206-215001 	  9.69 Mbit/s 	  1.92 Mbit/s
20181206-215501 	  7.78 Mbit/s 	  1.98 Mbit/s
20181206-220001 	  10.15 Mbit/s 	  2.00 Mbit/s
20181206-220501 	  10.26 Mbit/s 	  2.04 Mbit/s
20181206-221001 	  9.98 Mbit/s 	  2.16 Mbit/s
20181206-221501 	  10.50 Mbit/s 	  1.96 Mbit/s
20181206-222001 	  10.73 Mbit/s 	  1.99 Mbit/s
20181206-222501 	  9.30 Mbit/s 	  1.93 Mbit/s
20181206-223001 	  9.48 Mbit/s 	  2.10 Mbit/s
20181206-223501 	  6.97 Mbit/s 	  1.98 Mbit/s
20181206-224001 	  8.86 Mbit/s 	  1.90 Mbit/s
20181206-224501 	  9.62 Mbit/s 	  2.06 Mbit/s
20181206-225001 	  9.22 Mbit/s 	  1.88 Mbit/s
20181206-225501 	  8.76 Mbit/s 	  2.09 Mbit/s
20181206-230001 	  7.06 Mbit/s 	  1.89 Mbit/s
20181206-230501 	  9.35 Mbit/s 	  1.98 Mbit/s
20181206-231001 	  10.01 Mbit/s 	  2.10 Mbit/s
20181206-231501 	  10.63 Mbit/s 	  2.10 Mbit/s
20181206-232001 	  10.29 Mbit/s 	  2.07 Mbit/s
20181206-232501 	  10.89 Mbit/s 	  2.08 Mbit/s
20181206-233001 	  10.32 Mbit/s 	  2.12 Mbit/s
20181206-233501 	  9.33 Mbit/s 	  1.93 Mbit/s
20181206-234001 	  9.36 Mbit/s 	  2.06 Mbit/s
20181206-234501 	  9.92 Mbit/s 	  2.12 Mbit/s
20181206-235001 	  9.04 Mbit/s 	  1.99 Mbit/s
20181206-235501 	  8.16 Mbit/s 	  2.17 Mbit/s
20181207-000001 	  9.71 Mbit/s 	  2.02 Mbit/s
20181207-000501 	  10.53 Mbit/s 	  2.05 Mbit/s
20181207-001001 	  8.34 Mbit/s 	  1.92 Mbit/s
20181207-001501 	  10.41 Mbit/s 	  1.96 Mbit/s
20181207-002001 	  9.03 Mbit/s 	  2.02 Mbit/s
20181207-002501 	  7.49 Mbit/s 	  2.08 Mbit/s
20181207-003001 	  9.93 Mbit/s 	  2.04 Mbit/s
20181207-003501 	  9.45 Mbit/s 	  2.05 Mbit/s
20181207-004001 	  9.83 Mbit/s 	  2.01 Mbit/s
20181207-004501 	  9.47 Mbit/s 	  2.10 Mbit/s
20181207-005001 	  11.02 Mbit/s 	  2.10 Mbit/s
20181207-005501 	  9.32 Mbit/s 	  2.13 Mbit/s
20181207-010002 	  8.86 Mbit/s 	  1.95 Mbit/s
20181207-010501 	  10.61 Mbit/s 	  2.14 Mbit/s
20181207-011001 	  9.77 Mbit/s 	  2.03 Mbit/s
20181207-011502 	  10.09 Mbit/s 	  2.13 Mbit/s
20181207-012001 	  10.85 Mbit/s 	  2.20 Mbit/s
20181207-012501 	  10.98 Mbit/s 	  2.09 Mbit/s
20181207-013002 	  10.02 Mbit/s 	  2.03 Mbit/s
20181207-013501 	  10.18 Mbit/s 	  1.95 Mbit/s
20181207-014001 	  10.89 Mbit/s 	  2.05 Mbit/s
20181207-014501 	  10.22 Mbit/s 	  2.11 Mbit/s
20181207-015001 	  10.85 Mbit/s 	  2.14 Mbit/s
20181207-015501 	  10.75 Mbit/s 	  2.14 Mbit/s
20181207-020001 	  10.48 Mbit/s 	  2.09 Mbit/s
20181207-020501 	  9.96 Mbit/s 	  2.05 Mbit/s
20181207-021001 	  10.38 Mbit/s 	  2.09 Mbit/s
20181207-021501 	  9.63 Mbit/s 	  2.13 Mbit/s
20181207-022001 	  10.30 Mbit/s 	  2.07 Mbit/s
20181207-022501 	  10.84 Mbit/s 	  2.12 Mbit/s
20181207-023001 	  11.21 Mbit/s 	  2.09 Mbit/s
20181207-023501 	  10.99 Mbit/s 	  2.22 Mbit/s
20181207-024001 	  10.40 Mbit/s 	  2.06 Mbit/s
20181207-024501 	  10.64 Mbit/s 	  1.92 Mbit/s
20181207-025001 	  10.54 Mbit/s 	  2.01 Mbit/s
20181207-025502 	  10.63 Mbit/s 	  1.95 Mbit/s
20181207-030001 	  10.71 Mbit/s 	  1.97 Mbit/s
20181207-030501 	  8.77 Mbit/s 	  2.12 Mbit/s
20181207-031001 	  9.10 Mbit/s 	  2.14 Mbit/s
20181207-031501 	  10.24 Mbit/s 	  2.10 Mbit/s
20181207-032001 	  10.44 Mbit/s 	  2.25 Mbit/s
20181207-032501 	  10.85 Mbit/s 	  2.11 Mbit/s
20181207-033001 	  10.34 Mbit/s 	  2.10 Mbit/s
20181207-033501 	  10.46 Mbit/s 	  2.04 Mbit/s
20181207-034001 	  9.72 Mbit/s 	  2.00 Mbit/s
20181207-034501 	  9.68 Mbit/s 	  2.11 Mbit/s
20181207-035001 	  8.56 Mbit/s 	  2.13 Mbit/s
20181207-035501 	  10.77 Mbit/s 	  2.13 Mbit/s
20181207-040001 	  10.46 Mbit/s 	  2.13 Mbit/s
20181207-040501 	  10.71 Mbit/s 	  2.03 Mbit/s
20181207-041001 	  10.97 Mbit/s 	  1.98 Mbit/s
20181207-041501 	  10.88 Mbit/s 	  2.01 Mbit/s
20181207-042001 	  9.51 Mbit/s 	  2.05 Mbit/s
20181207-042501 	  10.46 Mbit/s 	  1.95 Mbit/s
20181207-043001 	  10.89 Mbit/s 	  2.12 Mbit/s
20181207-043501 	  10.00 Mbit/s 	  2.09 Mbit/s
20181207-044001 	  10.58 Mbit/s 	  2.18 Mbit/s
20181207-044501 	  10.43 Mbit/s 	  2.06 Mbit/s
20181207-045001 	  9.27 Mbit/s 	  2.17 Mbit/s
20181207-045501 	  10.95 Mbit/s 	  2.13 Mbit/s
20181207-050001 	  10.15 Mbit/s 	  2.15 Mbit/s
20181207-050502 	  9.06 Mbit/s 	  2.11 Mbit/s
20181207-051001 	  10.35 Mbit/s 	  2.06 Mbit/s
20181207-051501 	  11.00 Mbit/s 	  2.17 Mbit/s
20181207-052002 	  9.45 Mbit/s 	  2.13 Mbit/s
20181207-052501 	  8.95 Mbit/s 	  2.08 Mbit/s
20181207-053001 	  10.13 Mbit/s 	  2.17 Mbit/s
20181207-053501 	  11.16 Mbit/s 	  2.24 Mbit/s
20181207-054001 	  9.36 Mbit/s 	  2.12 Mbit/s
20181207-054501 	  10.39 Mbit/s 	  2.05 Mbit/s
20181207-055001 	  10.08 Mbit/s 	  2.08 Mbit/s
20181207-055501 	  10.15 Mbit/s 	  2.06 Mbit/s
20181207-060002 	  10.01 Mbit/s 	  2.05 Mbit/s
20181207-060502 	  9.37 Mbit/s 	  2.11 Mbit/s
20181207-061001 	  9.66 Mbit/s 	  1.99 Mbit/s
20181207-061501 	  10.33 Mbit/s 	  2.09 Mbit/s
20181207-062001 	  9.87 Mbit/s 	  2.09 Mbit/s
20181207-062501 	  9.36 Mbit/s 	  2.00 Mbit/s
20181207-063001 	  10.80 Mbit/s 	  1.91 Mbit/s
20181207-063501 	  9.54 Mbit/s 	  2.06 Mbit/s
20181207-064001 	  10.81 Mbit/s 	  2.10 Mbit/s
20181207-064501 	  10.75 Mbit/s 	  2.20 Mbit/s
20181207-065001 	  10.78 Mbit/s 	  2.12 Mbit/s
20181207-065501 	  10.68 Mbit/s 	  2.12 Mbit/s
20181207-070001 	  10.69 Mbit/s 	  2.19 Mbit/s
20181207-070502 	  9.20 Mbit/s 	  2.12 Mbit/s
20181207-071001 	  11.30 Mbit/s 	  2.09 Mbit/s
20181207-071501 	  10.99 Mbit/s 	  2.09 Mbit/s
20181207-072001 	  9.18 Mbit/s 	  2.11 Mbit/s
20181207-072501 	  10.65 Mbit/s 	  2.08 Mbit/s
20181207-073001 	  9.26 Mbit/s 	  2.10 Mbit/s
20181207-073501 	  9.05 Mbit/s 	  2.09 Mbit/s
20181207-074001 	  11.46 Mbit/s 	  2.08 Mbit/s
20181207-074501 	  10.85 Mbit/s 	  2.09 Mbit/s
20181207-075001 	  10.39 Mbit/s 	  2.10 Mbit/s
20181207-075501 	  10.16 Mbit/s 	  2.10 Mbit/s
20181207-080001 	  9.68 Mbit/s 	  2.03 Mbit/s
20181207-080501 	  10.75 Mbit/s 	  2.10 Mbit/s
20181207-081001 	  8.62 Mbit/s 	  2.09 Mbit/s
20181207-081501 	  10.85 Mbit/s 	  2.08 Mbit/s
20181207-082001 	  11.06 Mbit/s 	  2.13 Mbit/s
20181207-082501 	  10.78 Mbit/s 	  2.05 Mbit/s
20181207-083001 	  9.11 Mbit/s 	  2.11 Mbit/s
20181207-083501 	  10.03 Mbit/s 	  2.13 Mbit/s
20181207-084001 	  10.48 Mbit/s 	  2.08 Mbit/s
20181207-084501 	  10.47 Mbit/s 	  2.15 Mbit/s
20181207-085001 	  10.04 Mbit/s 	  2.05 Mbit/s
20181207-085501 	  9.37 Mbit/s 	  2.12 Mbit/s
20181207-090001 	  8.95 Mbit/s 	  2.05 Mbit/s
20181207-090501 	  10.57 Mbit/s 	  2.03 Mbit/s
20181207-091001 	  10.72 Mbit/s 	  2.14 Mbit/s
20181207-091501 	  9.82 Mbit/s 	  2.08 Mbit/s
20181207-092001 	  8.71 Mbit/s 	  2.13 Mbit/s
20181207-092501 	  10.28 Mbit/s 	  2.09 Mbit/s
20181207-093001 	  11.01 Mbit/s 	  2.15 Mbit/s
20181207-093501 	  10.95 Mbit/s 	  2.08 Mbit/s
20181207-094001 	  9.65 Mbit/s 	  2.06 Mbit/s
20181207-094501 	  10.81 Mbit/s 	  2.08 Mbit/s
20181207-095001 	  9.79 Mbit/s 	  2.12 Mbit/s
20181207-095502 	  10.53 Mbit/s 	  2.09 Mbit/s
20181207-100001 	  10.18 Mbit/s 	  2.01 Mbit/s
20181207-100501 	  9.83 Mbit/s 	  2.08 Mbit/s
20181207-101001 	  10.53 Mbit/s 	  2.13 Mbit/s
20181207-101501 	  8.86 Mbit/s 	  2.12 Mbit/s
20181207-102001 	  10.06 Mbit/s 	  2.07 Mbit/s
20181207-102501 	  9.35 Mbit/s 	  2.10 Mbit/s
20181207-103001 	  9.22 Mbit/s 	  2.08 Mbit/s
20181207-103501 	  10.81 Mbit/s 	  2.03 Mbit/s
20181207-104001 	  10.94 Mbit/s 	  2.05 Mbit/s
20181207-104501 	  9.52 Mbit/s 	  2.12 Mbit/s
20181207-105002 	  10.79 Mbit/s 	  2.09 Mbit/s
20181207-105501 	  8.92 Mbit/s 	  2.16 Mbit/s
20181207-110002 	  11.00 Mbit/s 	  2.06 Mbit/s
20181207-110501 	  10.87 Mbit/s 	  2.14 Mbit/s
20181207-111001 	  10.59 Mbit/s 	  2.17 Mbit/s
20181207-111501 	  10.82 Mbit/s 	  2.10 Mbit/s
20181207-112001 	  9.27 Mbit/s 	  2.17 Mbit/s
20181207-112501 	  10.78 Mbit/s 	  1.92 Mbit/s
20181207-113001 	  9.93 Mbit/s 	  1.97 Mbit/s
20181207-113501 	  9.62 Mbit/s 	  2.00 Mbit/s
20181207-114001 	  10.73 Mbit/s 	  2.06 Mbit/s
20181207-114501 	  10.84 Mbit/s 	  2.21 Mbit/s
20181207-115001 	  9.74 Mbit/s 	  2.14 Mbit/s
20181207-115501 	  10.65 Mbit/s 	  2.08 Mbit/s
20181207-120001 	  9.54 Mbit/s 	  2.07 Mbit/s
20181207-120501 	  11.11 Mbit/s 	  2.12 Mbit/s
20181207-121001 	  10.27 Mbit/s 	  2.01 Mbit/s
20181207-121501 	  10.66 Mbit/s 	  2.09 Mbit/s
20181207-122001 	  10.04 Mbit/s 	  2.10 Mbit/s
20181207-122501 	  10.64 Mbit/s 	  2.03 Mbit/s
20181207-123001 	  10.70 Mbit/s 	  2.06 Mbit/s
20181207-123501 	  10.92 Mbit/s 	  2.15 Mbit/s
20181207-124001 	  10.84 Mbit/s 	  2.08 Mbit/s
20181207-124501 	  9.37 Mbit/s 	  2.08 Mbit/s
20181207-125001 	  8.95 Mbit/s 	  2.07 Mbit/s
20181207-125502 	  10.18 Mbit/s 	  2.14 Mbit/s
20181207-130001 	  9.27 Mbit/s 	  2.08 Mbit/s
20181207-130501 	  9.46 Mbit/s 	  2.11 Mbit/s
20181207-131001 	  10.48 Mbit/s 	  1.91 Mbit/s
20181207-131501 	  9.69 Mbit/s 	  2.06 Mbit/s
20181207-132001 	  10.02 Mbit/s 	  2.10 Mbit/s
20181207-132501 	  10.79 Mbit/s 	  1.92 Mbit/s
20181207-133001 	  8.77 Mbit/s 	  2.11 Mbit/s
20181207-133501 	  8.86 Mbit/s 	  2.16 Mbit/s
20181207-134001 	  10.68 Mbit/s 	  2.00 Mbit/s
20181207-134501 	  9.10 Mbit/s 	  2.08 Mbit/s
20181207-135001 	  9.85 Mbit/s 	  2.04 Mbit/s
20181207-135501 	  8.03 Mbit/s 	  2.13 Mbit/s
20181207-140001 	  9.26 Mbit/s 	  2.10 Mbit/s
20181207-140501 	  10.43 Mbit/s 	  1.92 Mbit/s
20181207-141001 	  9.12 Mbit/s 	  2.08 Mbit/s
20181207-141501 	  10.97 Mbit/s 	  1.92 Mbit/s
20181207-142001 	  11.04 Mbit/s 	  2.13 Mbit/s
20181207-142501 	  8.83 Mbit/s 	  2.02 Mbit/s
20181207-143001 	  11.05 Mbit/s 	  2.01 Mbit/s
20181207-143502 	  10.73 Mbit/s 	  2.26 Mbit/s
20181207-144001 	  10.81 Mbit/s 	  2.14 Mbit/s
20181207-144501 	  10.35 Mbit/s 	  2.13 Mbit/s
20181207-145001 	  9.32 Mbit/s 	  2.06 Mbit/s
20181207-145502 	  10.80 Mbit/s 	  1.99 Mbit/s
20181207-150001 	  10.53 Mbit/s 	  1.91 Mbit/s
20181207-150501 	  10.20 Mbit/s 	  2.07 Mbit/s
20181207-151001 	  10.84 Mbit/s 	  2.15 Mbit/s
20181207-151501 	  10.38 Mbit/s 	  1.93 Mbit/s
20181207-152001 	  10.61 Mbit/s 	  2.07 Mbit/s
20181207-152501 	  9.03 Mbit/s 	  2.05 Mbit/s
20181207-153001 	  10.36 Mbit/s 	  2.09 Mbit/s
20181207-153501 	  9.03 Mbit/s 	  2.06 Mbit/s
20181207-154001 	  9.25 Mbit/s 	  2.07 Mbit/s
20181207-154501 	  9.03 Mbit/s 	  2.17 Mbit/s
20181207-155001 	  10.33 Mbit/s 	  2.07 Mbit/s
20181207-155501 	  9.96 Mbit/s 	  2.08 Mbit/s
20181207-160001 	  10.64 Mbit/s 	  2.13 Mbit/s
20181207-160501 	  10.84 Mbit/s 	  1.99 Mbit/s
20181207-161001 	  10.65 Mbit/s 	  2.13 Mbit/s
20181207-161501 	  10.13 Mbit/s 	  2.07 Mbit/s
20181207-162001 	  10.94 Mbit/s 	  2.10 Mbit/s
20181207-162501 	  11.07 Mbit/s 	  2.11 Mbit/s
20181207-163001 	  10.67 Mbit/s 	  2.05 Mbit/s
20181207-163501 	  10.65 Mbit/s 	  2.14 Mbit/s
20181207-164001 	  11.26 Mbit/s 	  2.20 Mbit/s
20181207-164501 	  10.43 Mbit/s 	  2.07 Mbit/s
20181207-165001 	  10.29 Mbit/s 	  2.05 Mbit/s
20181207-165501 	  10.38 Mbit/s 	  2.10 Mbit/s
20181207-170001 	  10.79 Mbit/s 	  2.08 Mbit/s
20181207-170501 	  10.48 Mbit/s 	  2.09 Mbit/s
20181207-171001 	  9.55 Mbit/s 	  2.09 Mbit/s
20181207-171501 	  10.88 Mbit/s 	  2.08 Mbit/s
20181207-172002 	  10.57 Mbit/s 	  2.11 Mbit/s
20181207-172501 	  10.65 Mbit/s 	  2.02 Mbit/s
20181207-173001 	  10.64 Mbit/s 	  2.05 Mbit/s
20181207-173501 	  11.36 Mbit/s 	  1.97 Mbit/s
20181207-174001 	  10.82 Mbit/s 	  2.07 Mbit/s
20181207-174501 	  9.56 Mbit/s 	  2.11 Mbit/s
20181207-175001 	  10.27 Mbit/s 	  2.13 Mbit/s
20181207-175501 	  11.06 Mbit/s 	  2.20 Mbit/s
20181207-180002 	  10.96 Mbit/s 	  2.05 Mbit/s
20181207-180501 	  10.08 Mbit/s 	  1.99 Mbit/s
20181207-181001 	  10.30 Mbit/s 	  2.11 Mbit/s
20181207-181501 	  10.78 Mbit/s 	  2.16 Mbit/s
20181207-182002 	  10.54 Mbit/s 	  2.11 Mbit/s
20181207-182501 	  10.80 Mbit/s 	  2.08 Mbit/s
20181207-183001 	  8.44 Mbit/s 	  2.16 Mbit/s
20181207-183501 	  10.78 Mbit/s 	  2.03 Mbit/s
20181207-184001 	  9.41 Mbit/s 	  2.13 Mbit/s
20181207-184501 	  10.90 Mbit/s 	  2.15 Mbit/s
20181207-185001 	  10.78 Mbit/s 	  1.80 Mbit/s
20181207-185501 	  10.39 Mbit/s 	  2.07 Mbit/s
20181207-190001 	  10.00 Mbit/s 	  2.06 Mbit/s
20181207-190501 	  10.85 Mbit/s 	  2.11 Mbit/s
20181207-191001 	  10.74 Mbit/s 	  2.12 Mbit/s
20181207-191501 	  10.63 Mbit/s 	  2.03 Mbit/s
20181207-192001 	  11.01 Mbit/s 	  2.13 Mbit/s
20181207-192501 	  8.75 Mbit/s 	  2.06 Mbit/s
20181207-193002 	  10.30 Mbit/s 	  1.09 Mbit/s
20181207-193501 	  10.55 Mbit/s 	  2.11 Mbit/s
20181207-194001 	  9.51 Mbit/s 	  2.01 Mbit/s
20181207-194501 	  10.29 Mbit/s 	  2.07 Mbit/s
20181207-195001 	  9.42 Mbit/s 	  1.95 Mbit/s
20181207-195501 	  10.18 Mbit/s 	  2.19 Mbit/s
20181207-200001 	  11.30 Mbit/s 	  2.09 Mbit/s
20181207-200501 	  10.30 Mbit/s 	  2.00 Mbit/s
20181207-201001 	  8.51 Mbit/s 	  2.11 Mbit/s
20181207-201501 	  8.27 Mbit/s 	  1.95 Mbit/s
20181207-202001 	  10.30 Mbit/s 	  2.00 Mbit/s
20181207-202501 	  10.53 Mbit/s 	  1.95 Mbit/s
20181207-203001 	  10.88 Mbit/s 	  2.00 Mbit/s
20181207-203501 	  9.62 Mbit/s 	  1.93 Mbit/s
20181207-204001 	  8.94 Mbit/s 	  2.10 Mbit/s
20181207-204501 	  10.38 Mbit/s 	  2.04 Mbit/s
20181207-205001 	  9.89 Mbit/s 	  2.07 Mbit/s
20181207-205501 	  10.53 Mbit/s 	  2.03 Mbit/s
20181207-210001 	  10.16 Mbit/s 	  2.04 Mbit/s
20181207-210501 	  10.91 Mbit/s 	  2.13 Mbit/s
20181207-211001 	  8.67 Mbit/s 	  2.10 Mbit/s
20181207-211501 	  8.58 Mbit/s 	  1.96 Mbit/s
20181207-212001 	  8.92 Mbit/s 	  2.07 Mbit/s
20181207-212501 	  7.81 Mbit/s 	  2.12 Mbit/s
20181207-213001 	  10.15 Mbit/s 	  2.03 Mbit/s
20181207-213501 	  10.05 Mbit/s 	  0.00 Mbit/s
20181207-214001 	  9.72 Mbit/s 	  2.09 Mbit/s
20181207-214501 	  8.23 Mbit/s 	  2.19 Mbit/s
20181207-215001 	  10.36 Mbit/s 	  2.12 Mbit/s
20181207-215501 	  9.12 Mbit/s 	  1.97 Mbit/s
20181207-220001 	  10.26 Mbit/s 	  1.91 Mbit/s
20181207-220501 	  10.83 Mbit/s 	  2.04 Mbit/s
20181207-221001 	  10.09 Mbit/s 	  2.04 Mbit/s
20181207-221501 	  10.79 Mbit/s 	  2.06 Mbit/s
20181207-222001 	  9.62 Mbit/s 	  2.08 Mbit/s
20181207-222501 	  7.45 Mbit/s 	  1.94 Mbit/s
20181207-223001 	  7.06 Mbit/s 	  1.94 Mbit/s
20181207-223501 	  8.03 Mbit/s 	  1.73 Mbit/s
20181207-224001 	  9.51 Mbit/s 	  1.95 Mbit/s
20181207-224501 	  10.13 Mbit/s 	  1.87 Mbit/s
20181207-225001 	  7.99 Mbit/s 	  1.88 Mbit/s
20181207-225501 	  7.69 Mbit/s 	  1.88 Mbit/s
20181207-230001 	  10.51 Mbit/s 	  1.80 Mbit/s
20181207-230501 	  8.24 Mbit/s 	  1.59 Mbit/s
20181207-231001 	  9.24 Mbit/s 	  1.41 Mbit/s
20181207-231502 	  9.60 Mbit/s 	  0.93 Mbit/s
20181207-232002 	  9.21 Mbit/s 	  1.45 Mbit/s
20181207-232501 	  9.35 Mbit/s 	  1.39 Mbit/s
20181207-233001 	  9.70 Mbit/s 	  1.59 Mbit/s
20181207-233501 	  9.50 Mbit/s 	  1.67 Mbit/s
20181207-234001 	  7.90 Mbit/s 	  1.50 Mbit/s
20181207-234501 	  10.17 Mbit/s 	  1.95 Mbit/s
20181207-235002 	  8.41 Mbit/s 	  1.95 Mbit/s
20181207-235501 	  10.20 Mbit/s 	  1.86 Mbit/s
20181208-000001 	  9.45 Mbit/s 	  1.91 Mbit/s
20181208-000501 	  10.49 Mbit/s 	  2.26 Mbit/s
20181208-001001 	  10.50 Mbit/s 	  2.01 Mbit/s
20181208-001501 	  7.82 Mbit/s 	  2.11 Mbit/s
20181208-002001 	  8.98 Mbit/s 	  2.01 Mbit/s
20181208-002501 	  9.75 Mbit/s 	  1.96 Mbit/s
20181208-003001 	  7.73 Mbit/s 	  2.08 Mbit/s
20181208-003501 	  8.85 Mbit/s 	  2.24 Mbit/s
20181208-004001 	  7.93 Mbit/s 	  1.93 Mbit/s
20181208-004501 	  10.26 Mbit/s 	  2.15 Mbit/s
20181208-005001 	  10.56 Mbit/s 	  2.08 Mbit/s
20181208-005501 	  10.65 Mbit/s 	  1.93 Mbit/s
20181208-010001 	  11.02 Mbit/s 	  2.08 Mbit/s
20181208-010501 	  10.31 Mbit/s 	  2.07 Mbit/s
20181208-011001 	  11.00 Mbit/s 	  2.03 Mbit/s
20181208-011501 	  10.14 Mbit/s 	  2.02 Mbit/s
20181208-012001 	  6.86 Mbit/s 	  1.91 Mbit/s
20181208-012501 	  10.03 Mbit/s 	  1.94 Mbit/s
20181208-013001 	  8.84 Mbit/s 	  2.05 Mbit/s
20181208-013501 	  8.91 Mbit/s 	  2.10 Mbit/s
20181208-014001 	  10.95 Mbit/s 	  1.91 Mbit/s
20181208-014501 	  10.14 Mbit/s 	  2.22 Mbit/s
20181208-015001 	  10.40 Mbit/s 	  2.03 Mbit/s
20181208-015501 	  9.96 Mbit/s 	  2.15 Mbit/s
20181208-020001 	  10.08 Mbit/s 	  1.92 Mbit/s
20181208-020501 	  7.17 Mbit/s 	  1.97 Mbit/s
20181208-021001 	  10.74 Mbit/s 	  1.89 Mbit/s
20181208-021501 	  10.32 Mbit/s 	  2.11 Mbit/s
20181208-022001 	  8.64 Mbit/s 	  2.08 Mbit/s
20181208-022501 	  10.82 Mbit/s 	  1.95 Mbit/s
20181208-023001 	  10.42 Mbit/s 	  2.03 Mbit/s
20181208-023501 	  10.23 Mbit/s 	  2.04 Mbit/s
20181208-024001 	  10.91 Mbit/s 	  2.03 Mbit/s
20181208-024501 	  10.58 Mbit/s 	  2.14 Mbit/s
20181208-025001 	  10.19 Mbit/s 	  2.08 Mbit/s
20181208-025501 	  9.15 Mbit/s 	  2.07 Mbit/s
20181208-030002 	  10.73 Mbit/s 	  2.01 Mbit/s
20181208-030501 	  8.53 Mbit/s 	  1.97 Mbit/s
20181208-031001 	  10.83 Mbit/s 	  1.88 Mbit/s
20181208-031501 	  10.35 Mbit/s 	  2.08 Mbit/s
20181208-032001 	  10.51 Mbit/s 	  2.15 Mbit/s
20181208-032501 	  9.37 Mbit/s 	  2.11 Mbit/s
20181208-033001 	  10.43 Mbit/s 	  2.06 Mbit/s
20181208-033501 	  11.15 Mbit/s 	  2.10 Mbit/s
20181208-034001 	  10.23 Mbit/s 	  2.04 Mbit/s
20181208-034501 	  10.74 Mbit/s 	  2.15 Mbit/s
20181208-035001 	  10.73 Mbit/s 	  2.12 Mbit/s
20181208-035501 	  10.77 Mbit/s 	  2.08 Mbit/s
20181208-040001 	  10.33 Mbit/s 	  2.07 Mbit/s
20181208-040501 	  11.19 Mbit/s 	  2.17 Mbit/s
20181208-041001 	  10.27 Mbit/s 	  2.05 Mbit/s
20181208-041501 	  9.46 Mbit/s 	  2.03 Mbit/s
20181208-042001 	  10.75 Mbit/s 	  2.05 Mbit/s
20181208-042501 	  10.71 Mbit/s 	  2.07 Mbit/s
20181208-043001 	  11.03 Mbit/s 	  2.11 Mbit/s
20181208-043501 	  8.63 Mbit/s 	  2.12 Mbit/s
20181208-044001 	  10.23 Mbit/s 	  2.12 Mbit/s
20181208-044501 	  10.54 Mbit/s 	  2.32 Mbit/s
20181208-045001 	  10.68 Mbit/s 	  2.12 Mbit/s
20181208-045501 	  9.47 Mbit/s 	  2.13 Mbit/s
20181208-050001 	  10.42 Mbit/s 	  2.08 Mbit/s
20181208-050501 	  10.26 Mbit/s 	  1.94 Mbit/s
20181208-051002 	  10.50 Mbit/s 	  2.16 Mbit/s
20181208-051501 	  10.71 Mbit/s 	  2.03 Mbit/s
20181208-052001 	  10.71 Mbit/s 	  2.02 Mbit/s
20181208-052501 	  10.46 Mbit/s 	  2.04 Mbit/s
20181208-053001 	  10.89 Mbit/s 	  2.20 Mbit/s
20181208-053501 	  10.14 Mbit/s 	  2.08 Mbit/s
20181208-054002 	  11.06 Mbit/s 	  2.12 Mbit/s
20181208-054501 	  10.75 Mbit/s 	  2.25 Mbit/s
20181208-055001 	  10.88 Mbit/s 	  2.14 Mbit/s
20181208-055501 	  8.42 Mbit/s 	  2.14 Mbit/s
20181208-060001 	  10.76 Mbit/s 	  1.95 Mbit/s
20181208-060501 	  10.95 Mbit/s 	  2.04 Mbit/s
20181208-061001 	  10.62 Mbit/s 	  2.09 Mbit/s
20181208-061501 	  10.18 Mbit/s 	  2.14 Mbit/s
20181208-062001 	  10.62 Mbit/s 	  2.12 Mbit/s
20181208-062501 	  10.75 Mbit/s 	  2.07 Mbit/s
20181208-063001 	  10.38 Mbit/s 	  2.12 Mbit/s
20181208-063501 	  10.15 Mbit/s 	  1.91 Mbit/s
20181208-064001 	  10.36 Mbit/s 	  2.09 Mbit/s
20181208-064501 	  8.99 Mbit/s 	  2.01 Mbit/s
20181208-065001 	  11.16 Mbit/s 	  2.08 Mbit/s
20181208-065501 	  10.54 Mbit/s 	  2.10 Mbit/s
20181208-070002 	  10.23 Mbit/s 	  2.01 Mbit/s
20181208-070501 	  8.00 Mbit/s 	  2.14 Mbit/s
20181208-071001 	  10.51 Mbit/s 	  2.04 Mbit/s
20181208-071501 	  11.22 Mbit/s 	  2.06 Mbit/s
20181208-072001 	  11.13 Mbit/s 	  1.89 Mbit/s
20181208-072501 	  10.88 Mbit/s 	  2.06 Mbit/s
20181208-073001 	  10.18 Mbit/s 	  2.01 Mbit/s
20181208-073501 	  11.15 Mbit/s 	  2.13 Mbit/s
20181208-074001 	  10.54 Mbit/s 	  1.99 Mbit/s
20181208-074501 	  10.13 Mbit/s 	  1.94 Mbit/s
20181208-075001 	  10.16 Mbit/s 	  2.07 Mbit/s
20181208-075501 	  9.72 Mbit/s 	  1.93 Mbit/s
20181208-080001 	  9.13 Mbit/s 	  2.06 Mbit/s
20181208-080501 	  10.22 Mbit/s 	  2.11 Mbit/s
20181208-081001 	  9.03 Mbit/s 	  2.12 Mbit/s
20181208-081501 	  10.83 Mbit/s 	  2.15 Mbit/s
20181208-082001 	  9.89 Mbit/s 	  2.14 Mbit/s
20181208-082501 	  10.71 Mbit/s 	  2.06 Mbit/s
20181208-083001 	  10.59 Mbit/s 	  2.11 Mbit/s
20181208-083501 	  10.45 Mbit/s 	  2.14 Mbit/s
20181208-084001 	  10.68 Mbit/s 	  2.09 Mbit/s
20181208-084502 	  9.42 Mbit/s 	  1.94 Mbit/s
20181208-085001 	  10.75 Mbit/s 	  2.03 Mbit/s
20181208-085501 	  9.20 Mbit/s 	  1.91 Mbit/s
20181208-090001 	  10.78 Mbit/s 	  2.06 Mbit/s
20181208-090501 	  10.85 Mbit/s 	  2.14 Mbit/s
20181208-091001 	  9.60 Mbit/s 	  2.08 Mbit/s
20181208-091501 	  10.60 Mbit/s 	  2.14 Mbit/s
20181208-092001 	  10.81 Mbit/s 	  1.96 Mbit/s
20181208-092501 	  10.39 Mbit/s 	  2.09 Mbit/s
20181208-093001 	  9.91 Mbit/s 	  2.20 Mbit/s
20181208-093501 	  8.98 Mbit/s 	  2.06 Mbit/s
20181208-094001 	  10.68 Mbit/s 	  1.99 Mbit/s
20181208-094502 	  10.31 Mbit/s 	  1.96 Mbit/s
20181208-095001 	  8.72 Mbit/s 	  2.04 Mbit/s
20181208-095501 	  10.53 Mbit/s 	  1.91 Mbit/s
20181208-100001 	  10.41 Mbit/s 	  1.86 Mbit/s
20181208-100501 	  10.05 Mbit/s 	  2.13 Mbit/s
20181208-101001 	  10.43 Mbit/s 	  1.93 Mbit/s
20181208-101501 	  10.01 Mbit/s 	  2.17 Mbit/s
20181208-102001 	  8.97 Mbit/s 	  2.08 Mbit/s
20181208-102501 	  9.32 Mbit/s 	  2.15 Mbit/s
20181208-103001 	  8.68 Mbit/s 	  2.08 Mbit/s
20181208-103501 	  8.17 Mbit/s 	  2.09 Mbit/s
20181208-104001 	  10.99 Mbit/s 	  2.12 Mbit/s
20181208-104501 	  10.64 Mbit/s 	  1.90 Mbit/s
20181208-105001 	  11.01 Mbit/s 	  2.08 Mbit/s
20181208-105501 	  10.63 Mbit/s 	  1.86 Mbit/s
20181208-110001 	  7.09 Mbit/s 	  2.22 Mbit/s
20181208-110501 	  10.77 Mbit/s 	  2.14 Mbit/s
20181208-111001 	  9.85 Mbit/s 	  2.08 Mbit/s
20181208-111501 	  8.94 Mbit/s 	  1.90 Mbit/s
20181208-112001 	  9.64 Mbit/s 	  1.95 Mbit/s
20181208-112501 	  9.93 Mbit/s 	  2.17 Mbit/s
20181208-113001 	  10.89 Mbit/s 	  1.91 Mbit/s
20181208-113501 	  10.61 Mbit/s 	  2.04 Mbit/s
20181208-114001 	  10.64 Mbit/s 	  2.13 Mbit/s
20181208-114501 	  11.02 Mbit/s 	  1.96 Mbit/s
20181208-115001 	  10.51 Mbit/s 	  2.07 Mbit/s
20181208-115501 	  9.64 Mbit/s 	  1.99 Mbit/s
20181208-120001 	  9.32 Mbit/s 	  1.91 Mbit/s
20181208-120501 	  9.15 Mbit/s 	  2.08 Mbit/s
20181208-121001 	  8.97 Mbit/s 	  1.98 Mbit/s
20181208-121501 	  10.80 Mbit/s 	  2.16 Mbit/s
20181208-122001 	  8.70 Mbit/s 	  2.07 Mbit/s
20181208-122501 	  7.95 Mbit/s 	  1.95 Mbit/s
20181208-123001 	  10.68 Mbit/s 	  2.13 Mbit/s
20181208-123501 	  10.68 Mbit/s 	  2.16 Mbit/s
20181208-124001 	  10.53 Mbit/s 	  2.06 Mbit/s
20181208-124501 	  10.41 Mbit/s 	  1.87 Mbit/s
20181208-125001 	  9.92 Mbit/s 	  2.09 Mbit/s
20181208-125501 	  10.20 Mbit/s 	  1.94 Mbit/s
20181208-130002 	  0.38 Mbit/s 	  0.86 Mbit/s
20181208-130501 	  2.83 Mbit/s 	  0.83 Mbit/s
20181208-131001 	  0.68 Mbit/s 	  0.31 Mbit/s
20181208-131501 	  0.00 Mbit/s 	  0.00 Mbit/s
20181208-132001 	  0.00 Mbit/s 	  0.00 Mbit/s
20181208-132501 	 NG 	 NG
20181208-133001 	  0.39 Mbit/s 	  0.20 Mbit/s
20181208-133501 	  0.00 Mbit/s 	  0.72 Mbit/s
20181208-134001 	  9.73 Mbit/s 	  2.04 Mbit/s
20181208-134501 	  10.46 Mbit/s 	  2.06 Mbit/s
20181208-135001 	  10.34 Mbit/s 	  2.08 Mbit/s
20181208-135502 	  6.49 Mbit/s 	  1.63 Mbit/s
20181208-140001 	  0.56 Mbit/s 	  2.08 Mbit/s
20181208-140501 	  1.10 Mbit/s 	  0.97 Mbit/s
20181208-141001 	  7.04 Mbit/s 	  2.03 Mbit/s
20181208-141501 	  10.28 Mbit/s 	  1.97 Mbit/s
20181208-142001 	  0.59 Mbit/s 	  0.81 Mbit/s
20181208-142501 	  10.35 Mbit/s 	  2.06 Mbit/s
20181208-143002 	  9.96 Mbit/s 	  0.00 Mbit/s
20181208-143501 	  9.80 Mbit/s 	  2.22 Mbit/s
20181208-144002 	  8.95 Mbit/s 	  2.07 Mbit/s
20181208-144501 	  10.74 Mbit/s 	  1.93 Mbit/s
20181208-145001 	  8.94 Mbit/s 	  2.07 Mbit/s
20181208-145501 	  8.28 Mbit/s 	  2.12 Mbit/s
20181208-150001 	  9.19 Mbit/s 	  2.14 Mbit/s
20181208-150501 	  11.33 Mbit/s 	  2.12 Mbit/s
20181208-151001 	  10.03 Mbit/s 	  2.04 Mbit/s
20181208-151501 	  10.38 Mbit/s 	  2.11 Mbit/s
20181208-152001 	  10.00 Mbit/s 	  2.05 Mbit/s
20181208-152501 	  8.91 Mbit/s 	  2.13 Mbit/s
20181208-153001 	  8.67 Mbit/s 	  2.06 Mbit/s
20181208-153501 	  9.85 Mbit/s 	  2.14 Mbit/s
20181208-154001 	  9.18 Mbit/s 	  2.15 Mbit/s
20181208-154501 	  10.54 Mbit/s 	  2.07 Mbit/s
20181208-155001 	  10.40 Mbit/s 	  2.17 Mbit/s
20181208-155501 	  10.15 Mbit/s 	  2.09 Mbit/s
20181208-160002 	  10.62 Mbit/s 	  1.98 Mbit/s
20181208-160501 	  9.04 Mbit/s 	  2.11 Mbit/s
20181208-161001 	  8.32 Mbit/s 	  2.00 Mbit/s
20181208-161501 	  10.42 Mbit/s 	  2.13 Mbit/s
20181208-162001 	  9.98 Mbit/s 	  1.76 Mbit/s
20181208-162501 	  10.86 Mbit/s 	  2.07 Mbit/s
20181208-163001 	  11.26 Mbit/s 	  2.10 Mbit/s
20181208-163501 	  9.38 Mbit/s 	  2.31 Mbit/s
20181208-164001 	  11.05 Mbit/s 	  2.10 Mbit/s
20181208-164501 	  11.46 Mbit/s 	  2.03 Mbit/s
20181208-165001 	  10.88 Mbit/s 	  2.18 Mbit/s
20181208-165501 	  10.29 Mbit/s 	  2.09 Mbit/s
20181208-170001 	  10.46 Mbit/s 	  2.13 Mbit/s
20181208-170501 	  9.99 Mbit/s 	  2.10 Mbit/s
20181208-171001 	  10.83 Mbit/s 	  2.05 Mbit/s
20181208-171501 	  9.15 Mbit/s 	  2.14 Mbit/s
20181208-172001 	  10.85 Mbit/s 	  2.21 Mbit/s
20181208-172501 	  9.32 Mbit/s 	  2.02 Mbit/s
20181208-173001 	  11.17 Mbit/s 	  2.10 Mbit/s
20181208-173501 	  10.06 Mbit/s 	  2.07 Mbit/s
20181208-174001 	  10.83 Mbit/s 	  2.09 Mbit/s
20181208-174501 	  10.36 Mbit/s 	  1.96 Mbit/s
20181208-175001 	 NG 	 NG
20181208-175501 	  11.02 Mbit/s 	  2.14 Mbit/s
20181208-180001 	  9.23 Mbit/s 	  2.15 Mbit/s
20181208-180501 	  10.72 Mbit/s 	  2.13 Mbit/s
20181208-181001 	  10.81 Mbit/s 	  2.21 Mbit/s
20181208-181501 	  8.33 Mbit/s 	  1.99 Mbit/s
20181208-182001 	  10.20 Mbit/s 	  2.16 Mbit/s
20181208-182501 	  9.52 Mbit/s 	  2.15 Mbit/s
20181208-183001 	  10.82 Mbit/s 	  2.14 Mbit/s
20181208-183501 	  10.79 Mbit/s 	  2.12 Mbit/s
20181208-184001 	  10.37 Mbit/s 	  2.08 Mbit/s
20181208-184501 	  9.01 Mbit/s 	  1.97 Mbit/s
20181208-185001 	  9.73 Mbit/s 	  2.03 Mbit/s
20181208-185501 	  9.18 Mbit/s 	  1.64 Mbit/s
20181208-190001 	  10.60 Mbit/s 	  2.20 Mbit/s
20181208-190501 	  8.98 Mbit/s 	  2.13 Mbit/s
20181208-191002 	  10.82 Mbit/s 	  2.08 Mbit/s
20181208-191501 	  10.44 Mbit/s 	  2.05 Mbit/s
20181208-192001 	  9.68 Mbit/s 	  2.18 Mbit/s
20181208-192501 	  11.26 Mbit/s 	  2.09 Mbit/s
20181208-193002 	  10.50 Mbit/s 	  1.96 Mbit/s
20181208-193501 	  10.41 Mbit/s 	  2.04 Mbit/s
20181208-194001 	  9.25 Mbit/s 	  2.14 Mbit/s
20181208-194501 	  9.27 Mbit/s 	  2.16 Mbit/s
20181208-195001 	  8.67 Mbit/s 	  1.93 Mbit/s
20181208-195501 	  9.33 Mbit/s 	  2.15 Mbit/s
20181208-200001 	  10.54 Mbit/s 	  2.04 Mbit/s
20181208-200501 	  10.64 Mbit/s 	  2.13 Mbit/s
20181208-201001 	  11.18 Mbit/s 	  2.30 Mbit/s
20181208-201501 	  10.41 Mbit/s 	  1.99 Mbit/s
20181208-202001 	  8.77 Mbit/s 	  2.13 Mbit/s
20181208-202501 	  10.80 Mbit/s 	  2.09 Mbit/s
20181208-203001 	  10.28 Mbit/s 	  2.14 Mbit/s
20181208-203502 	  9.32 Mbit/s 	  2.11 Mbit/s
20181208-204001 	  10.47 Mbit/s 	  2.10 Mbit/s
20181208-204501 	  10.30 Mbit/s 	  2.08 Mbit/s
20181208-205001 	  10.39 Mbit/s 	  2.02 Mbit/s
20181208-205501 	  10.46 Mbit/s 	  1.53 Mbit/s
20181208-210001 	  10.60 Mbit/s 	  1.67 Mbit/s
20181208-210501 	  10.77 Mbit/s 	  2.20 Mbit/s
20181208-211001 	  9.06 Mbit/s 	  2.17 Mbit/s
20181208-211501 	  9.21 Mbit/s 	  2.01 Mbit/s
20181208-212001 	  10.87 Mbit/s 	  2.17 Mbit/s
20181208-212501 	  9.40 Mbit/s 	  2.10 Mbit/s
20181208-213001 	  10.77 Mbit/s 	  2.05 Mbit/s
20181208-213501 	  10.36 Mbit/s 	  2.12 Mbit/s
20181208-214001 	  9.68 Mbit/s 	  2.06 Mbit/s
20181208-214501 	  10.33 Mbit/s 	  2.19 Mbit/s
20181208-215001 	  10.61 Mbit/s 	  2.13 Mbit/s
20181208-215502 	  8.80 Mbit/s 	  2.11 Mbit/s
20181208-220001 	  8.74 Mbit/s 	  2.09 Mbit/s
20181208-220501 	  9.91 Mbit/s 	  2.08 Mbit/s
20181208-221001 	  9.67 Mbit/s 	  1.93 Mbit/s
20181208-221502 	  9.96 Mbit/s 	  2.08 Mbit/s
20181208-222001 	  9.10 Mbit/s 	  1.99 Mbit/s
20181208-222501 	  8.48 Mbit/s 	  2.13 Mbit/s
20181208-223001 	  10.77 Mbit/s 	  2.16 Mbit/s
20181208-223501 	  9.83 Mbit/s 	  2.09 Mbit/s
20181208-224001 	  8.62 Mbit/s 	  2.07 Mbit/s
20181208-224501 	  8.80 Mbit/s 	  2.19 Mbit/s
20181208-225001 	  9.53 Mbit/s 	  2.06 Mbit/s
20181208-225501 	  6.46 Mbit/s 	  2.06 Mbit/s
20181208-230001 	  7.01 Mbit/s 	  1.95 Mbit/s
20181208-230501 	  9.52 Mbit/s 	  1.94 Mbit/s
20181208-231001 	  8.44 Mbit/s 	  2.11 Mbit/s
20181208-231501 	  9.12 Mbit/s 	  1.92 Mbit/s
20181208-232001 	  10.06 Mbit/s 	  2.02 Mbit/s
20181208-232501 	  9.81 Mbit/s 	  2.07 Mbit/s
20181208-233001 	  8.60 Mbit/s 	  1.97 Mbit/s
20181208-233501 	  8.62 Mbit/s 	  2.09 Mbit/s
20181208-234001 	  9.95 Mbit/s 	  2.29 Mbit/s
20181208-234501 	  9.27 Mbit/s 	  2.10 Mbit/s
20181208-235001 	  8.10 Mbit/s 	  1.70 Mbit/s
20181208-235501 	  10.29 Mbit/s 	  2.18 Mbit/s
